Name_ID,Rating_ID,Comments,Specialist_ID,Address
Puducherry Diabetes Foundat..,3.9,Very good,Doctors For Dengue Fever Treatment,Morehvr
L K Nursing Home,4.3,Excellent,Doctors For Dengue Fever Treatment,"  No:25, Rajarajeswari nagar, Venkata Nagar, Pondicherry - 605011, Near Children Park"
East Coast Hospitals,4.1,Excellent,Doctors For Dengue Fever Treatment,"  No 370, 2nd Main Road Mahaveer Nagar, Lawspet, Pondicherry - 605008, Near Lawspet Police Station"
Delta Q Labs,5.0,Excellent,Doctors For Dengue Fever Treatment,"  No 1, Perambai Road, Moolakulam, Pondicherry - 605010, Near Vasantharaja Cinema Hall, Paris Nagar"
Clinic Nallam,4.1,Excellent,Doctors For Dengue Fever Treatment,"  No 36/A, Cuddalore Main Road, Mudaliarpet, Pondicherry - 605004, Near Communist Party Office"
Cosmic Consciousness,5.0,Excellent,Doctors For Dengue Fever Treatment,"  No 86, Eswaran Kovil Street, Pondicherry - 605001, Near Easwaran Kovil"
Dr. Narendra Agarawal,5.0,Excellent,Doctors For Dengue Fever Treatment,"  No 4, 7th Street, Lawspet Pondicherry, Pondicherry - 605008, Kumaran Nagar Near Cluny School"
First Step Home Healthcare,4.9,Excellent,Doctors For Dengue Fever Treatment,"  122, west car street, Villianur, Pondicherry - 605110, opposite to icici atm"
Dr. Uma Maheshwari S,4.8,Excellent,Doctors For Dengue Fever Treatment,"  No 169D, Sundaraju Chettiar Complex Cuddalore Main Road, Mudaliarpet, Pondicherry - 605004"
Dr. Arnabdey,4.7,Excellent,Doctors For Dengue Fever Treatment,"  No 2/A, New Street, Puthupet, Rajaji Nagar, Lawspet Pondicherry, Pondicherry - 605008"
Dr. Rajarathinam r,4.5,Excellent,General Physician Doctors,"  No 315, Mission Street, Puducherry H O, Pondicherry - 605001"
Sri Manakula Vinayagar Medi..,4.5,Excellent,General Physician Doctors,"  Grr Complex, Maraimalai Adigal Salai, Pondicherry - 605001"
Dr. Roshini Menon,4.5,Excellent,General Physician Doctors,"  Pondicherry-Villupuram Main Road, Pondicherry - 605001, Kalitheerthalkuppam Madagadipet"
Puduvai Life Line Hospital,4.4,Excellent,General Physician Doctors,"  No 34 1st Floor Plot No-146dr Roshni's Skin & Hair Speciality Centre, 100 Feet Road Cuddalore Road, Reddiar Palayam, Pondicherry - 605010, Natesan Nagar Near I G Statue"
Dr. Ayyappan K,4.4,Excellent,General Physician Doctors,"  No 36 A, Airport Main Road, Lawspet, Pondicherry - 605008"
Dr. Pandian S,4.4,Excellent,General Physician Doctors,"  No 211, Bussy Street, Pondicherry - 605001"
East Coast Hospitals Ltd,4.6,Excellent,General Physician Doctors,"  No 34-B, Cuddalore HO, PONDICHERRY - 607001, Rajambal Nagar"
Aum Hospitals,4.3,Excellent,General Physician Doctors,"  No 90, Thiruvalluvar Salai, Saram, Pondicherry - 605013, Near Naveena Theatre GardenPillai Thottam"
Sedhu Nursing Home,4.3,Excellent,General Physician Doctors,"  No 1, Cholai Nagar Main Road, Muthialpet, Pondicherry - 605003, Sapthagiri Garden Opposite Chinaathal School"
Dr. Udhayakumar,4.3,Excellent,General Physician Doctors,"  No 130, Perumal Koil Street, Bharathi Street-venkata Nagar, Pondicherry - 605001, Near Anandha Inn"
Dr. Dhandapani N L,4.2,Excellent,General Physician Doctors,"  No 230 Naveiranj Skin Clinic, Lenin Street, Saram, Pondicherry - 605013, Kosapalayam"
Dr. Murali r,4.2,Excellent,General Physician Doctors,"  No 44, Mettu Street, Kosapalayam, Pondicherry - 605013"
New Medical Centre,4.1,Excellent,General Physician Doctors,"  No 77, Ambedkar Salai, Nellithope, Pondicherry - 605005"
St Joseph Cluny Hospital,4.1,Excellent,General Physician Doctors,"  No 159 &161, Bussy Street, Pondicherry - 605001, Near Chinna Manikoondu"
Ashwini Maternity Hospital,4.1,Excellent,General Physician Doctors,"  No 16, Roam Rolland Street, Pondicherry - 605001"
Dr. Vasudevan P l,4.1,Excellent,General Physician Doctors,"  No 90, Vazhudavur Main Road, Thattanchavadi, Pondicherry - 605009, Vvp Nagar"
Pondicherry Institute Of Me..,4.0,Very good,General Physician Doctors,"  No 216, Bussy Street, Pondicherry - 605001, Opposite Anjappar Hotel"
Government General Hospital,4.0,Very good,General Physician Doctors,"  Pondicherry University, Pondicherry - 605014, Ganapathichettikulam Kalathumettupathai Kalapet"
Dr. Vijayakumari R,4.0,Very good,General Physician Doctors,"  Ambour Salai, Pondicherry - 605001"
A G Padmavathi Hospital Pvt..,3.9,Very good,General Physician Doctors,"  No 6o, 4th Cross Street, Venkata Nagar, Pondicherry - 605011, velsokkanatham kalyana mandapam"
Sri Arunachalam Hospital,3.9,Very good,General Physician Doctors,"  No R S 127/ 1 A, Villiayanoor Main Road, Pondicherry - 605001, Arumparthapuram"
Sri Venkateshwara Hospital,3.8,Very good,General Physician Doctors,"  No 205, Chinna Subrayapillai Street, Pondicherry - 605001, Opposite Kamban Kalai Arangam"
Dr. Radha Krishnan b,3.8,Very good,General Physician Doctors,"  No 13 A, Pondy Villupuram Main Road, Ariyur, Pondicherry - 605003, Ariyur 605102 villupuram"
Be Well Hospitals,3.7,Very good,General Physician Doctors,"  No 179, Bussy Street, Pondicherry - 605001"
Dr. Nirmala Babu,3.5,Very good,General Physician Doctors,"  No 15, East Coast Road, Lawspet Pondicherry, Pondicherry - 605008, Green Gardens"
Sri Krishna Nursing Home,3.9,Very good,General Physician Doctors,"  Sathani Street, Mudaliarpet, Pondicherry - 605004, Kuyavarpalayam"
Dr. Vasudevaiah V,4.3,Excellent,General Physician Doctors,"  No 76, Lenin Street, Saram, Pondicherry - 605013, Kosapalayam"
Santhigiri Ayurveda & Siddh..,4.1,Excellent,General Physician Doctors,"  No 181, Bussy Street, Pondicherry - 605001, Near Aruna Lab"
Dr. Uma Maheshwaran,4.1,Excellent,General Physician Doctors,"  No 6 B Block Devi Appartments, S V Patel Salai, Pondicherry - 605001, near achiyar school"
Dr. Lakshmipathi k,4.8,Excellent,General Physician Doctors,"  Sri Arunachalam Hospital, Chinnasuburaya Pillai Street, Pondicherry - 605001"
Brain Nerve & Muscle Center,2.8,Good,General Physician Doctors,"  No 143 Lakshmi Ortho Clinic, Bussy Street, Pondicherry - 605001, Near Manikoondu"
Dr. Selvalingam e,4.7,Excellent,General Physician Doctors,"  No 3, Library Street, Saram, Pondicherry - 605013, Kuyavarpalayam Near Thiruvalluvar Salai Cutting"
Dr. Augustine Paul R m,5.0,Excellent,General Physician Doctors,"  No 201, Bussy Street, Pondicheery, Pondicherry - 605001"
Annai Eye Care Clinic,5.0,Excellent,General Physician Doctors,"  No 19, Villianur Road, Nellithope, Pondicherry - 605005, Victoria Nagar Opposite Aryas Hotel & Near Casino Bakery"
Dr. Murugesan n,4.3,Excellent,General Physician Doctors,"  No 14, Perumal Koil Street, Villianur, Pondicherry - 605110, Near Perumal Koil"
Dr. Jawahar Babu M k,3.5,Very good,General Physician Doctors,"  No 133, 100 Feet Road, Nellithope, Pondicherry - 605005, Natesan Nagar"
Dr. Gunasekaran m,3.1,Very good,General Physician Doctors,"  No 102, Kasturibai Nagar, Thattanchavadi, Pondicherry - 605009, Near SI Steel Hardware Shop"
Dr. Usha Karthikeyan,3.5,Very good,General Physician Doctors,"  No 6 B, Vazhudavur Road, Thattanchavadi, Pondicherry - 605009, Gandhi Nagar"
Dr. Atul M Bage,3.7,Very good,General Physician Doctors,"  No 73, Kamatchi Amman Koil Street, Pondicherry - 605001"
Dr. Sree Ramulu Reddy Cmv,4.0,Very good,General Physician Doctors,"  No 215, Bussy Street, Puducherry H O, Pondicherry - 605001"
St Marys Eye Care,4.4,Excellent,General Physician Doctors,"  No 125, Lalbahadur Sastry Street, Pondicherry - 605001"
Jayakodi Hospitals,4.8,Excellent,General Physician Doctors,"  No 58, Bussy Street, Puducherry H O, Pondicherry - 605001"
Dr. Namachivayam V,4.8,Excellent,General Physician Doctors,"  No:211A, TV Malai Road, Tirukannur, Pondicherry - 605501"
Shree Varma Hospitals,3.7,Very good,General Physician Doctors,"  No 14-A, Bashiam Reddy Street, Cuddalore HO, PONDICHERRY - 607001"
Dr. Venkateswaralou N,4.5,Excellent,General Physician Doctors,"  No 12, Goubert Avenue, Pondicherry - 605001, Beach Road"
Pondy Surgical Center,4.5,Excellent,General Physician Doctors,"  No 478, Bharathi Street, Pondicherry - 605001, Near Rosema Kalyana Mandapam"
Dr. Sachidhanandham,4.1,Excellent,General Physician Doctors,"  No 305, Bharathiyar Street, Lawspet, Pondicherry - 605008, Near St Cluny School Ashok Nagar"
Dr. Jayanthi Gurumurthy,5.0,Excellent,General Physician Doctors,"  No 392, Bharathi Street, Pondicherry - 605001"
Dr. Buvanaratchagan A,4.0,Very good,General Physician Doctors,"  No 59, Thanthai Periyar Nagar, Nellithope, Pondicherry - 605005"
Dr. Nethaji l,2.8,Good,General Physician Doctors,"  No:384, Bussy Street,, Pondicherry - 605001, Opp to Anjappar Hotel,Jeyam Medical."
Dr. Hemalatha,4.0,Very good,General Physician Doctors,"  No 105, M G Road, Muthialpet, Pondicherry - 605003"
Dr. Nellian A R,3.4,Very good,General Physician Doctors,"  M G Road, Muthialpet, Pondicherry - 605003"
Dr. Sivadhasan,4.4,Excellent,General Physician Doctors,"  No 2, Police Street, Mudaliarpet, Pondicherry - 605004"
Dr. Muthaiyan r,5.0,Excellent,General Physician Doctors,"  No 96, Bussy Street, Puducherry H O, Pondicherry - 605001"
Dr. Chitra Banu,3.1,Very good,General Physician Doctors,"  No 194, Bussy Street, Pondicherry - 605001"
Dr. Dumont M A,4.3,Very good,General Physician Doctors,"  No 90 Ashwini Maternity Hospital, Vazhudavur Main Road, Thattanchavadi, Pondicherry - 605009, Vvp Nagar"
Dharmarajan Vaidya Salai,3.6,Very good,General Physician Doctors,"  No 109, Reddiar Palayam, Pondicherry - 605010"
Dr. Shyamala,5.0,Excellent,General Physician Doctors,"  No 278-A, Maraimalai Adigal Salai, Kosapalayam, Pondicherry - 605013, Near New Bus Stop Near Nellithopu Signal"
Dr. Shanthi Michael,4.4,Excellent,General Physician Doctors,"  A G Padmavathi Hospital R S 127/ 1 A, Villiayanoor Main Road, Pondicherry - 605001, Arumparthapuram"
Sri Ramachandra Hospital In..,4.0,Very good,General Physician Doctors,"  Sri Arunachalam Hospital, Chinnasuburaya Pillai Street, Pondicherry - 605001"
Dr. Nallam p,4.4,Excellent,General Physician Doctors,"  No 160, Busssy street, Pondicherry - 605001, Near chinnakadai"
Sivagangai Eye Clinic & Opt..,5.0,Excellent,General Physician Doctors,"  No 122, Bussy Street, Puducherry H O, Pondicherry - 605001"
Dr. Narayana Swamy m,4.5,Excellent,General Physician Doctors,"  No 225/F, Chetty Street, Pondicherry - 605001"
Dr. Jayaveerakumar t,5.0,Excellent,General Physician Doctors,"  Muthialpet, Pondicherry - 605003, Near Government Of Puducherry Institution Opposite Mahathma Gandhi College Road"
Dr. Uma Shankar v,4.3,Excellent,General Physician Doctors,"  No 18/2, Nellikuppam Road, Cuddalore HO, PONDICHERRY - 607001"
Gnanam Medical & Clinic,5.0,Excellent,General Physician Doctors,"  No 430, Vazhudavur Main Road, Thattanchavadi, Pondicherry - 605009, Muthirapalayam Near Aruna Medicals"
Raghu Eye Clinic,5.0,Excellent,General Physician Doctors,"  No:49, Villainur Main Road, Pavazha Nagar, Nellithope, Pondicherry - 605005, Opp to Ezhainagathamman Kovil"
Dr. Puviarasan l,5.0,Excellent,General Physician Doctors,"  Pillaitottam, Pondicherry - 605013"
Tiru Medical Center,4.9,Excellent,General Physician Doctors,"  No 59, M M Koil Street, Nellithope, Pondicherry - 605005, Orleanpet"
Dr. Baskar k,3.5,Very good,General Physician Doctors,"  133, 100 Feet Road, Mudaliarpet, Pondicherry - 605004, Between RTO Office and Sunway Manor GRT Hotel"
Kamala Nursing Home,3.0,Good,General Physician Doctors,"  No 63 1st Floor, Mariamman Koil Street, Lawspet, Pondicherry - 605008, Kottupalayam"
Dr. Chandra Mouli Y v,4.5,Excellent,General Physician Doctors,"  No 66, Kandappa Mudali Street, Puducherry H O, Pondicherry - 605001"
Dr. Sheik Anwar Hussain,4.5,Excellent,General Physician Doctors,"  No 401, M G Road, Puducherry H O, Pondicherry - 605001"
Dr. Varalakshmi,2.3,Good,General Physician Doctors,"  A G Padmavathi Hospital R S 127/ 1 A, Villiayanoor Main Road, Pondicherry - 605001, Arumparthapuram"
Visalakshmi Dental Health &..,3.5,Very good,General Physician Doctors,"  A G Padmavathi Hospital R S 127/ 1 A, Villiayanoor Main Road, Pondicherry - 605001, Arumparthapuram"
Dr. Anatharaman v,4.8,Excellent,General Physician Doctors,"  No 2/2, Vallalar Salai 45 Feet Road, Venkata Nagar, Pondicherry - 605011"
DR. Subramanyan Serral,2.5,Good,General Physician Doctors,  Pondicherry - 605001
Tresor Nursing Home,3.5,Very good,General Physician Doctors,"  Govt General Hospital, Pondicherry - 605001, Near Park"
Dr. Indra Srinivasan,4.5,Excellent,General Physician Doctors,"  No 9, St Louis Street, Pondicherry - 605001"
Dr. Anandavel b,5.0,Excellent,General Physician Doctors,"  No 3, Rue Suffren Street, Pondicherry - 605003"
Dr. Thiru Selvam e,5.0,Excellent,General Physician Doctors,"  No 77, 3rd Cross 45 Feet Road Corner, Venkata Nagar, Pondicherry - 605011"
Dr.narendra Agarwal Clinic,5.0,Excellent,General Physician Doctors,"  No 3, Vazhaikulam, Padmini Nagar, Pondicherry - 605110"
Dr. Ranjini Krishnan,4.0,Excellent,General Physician Doctors,"  120, West car street, Villianur, Pondicherry - 605110, Opposite to ICICI ATM"
Dr. Sankar K,4.5,Excellent,General Physician Doctors Exp: 35 yrs Fee: 100~150 INR,"  No 2, Wigil Mier Street, Cuddalore Ho, PONDICHERRY - 607001"
Dr. Narayanan m,5.0,Excellent,General Physician Doctors,"  No 209-A, Nethaji Road, Cuddalore HO, PONDICHERRY - 607001"
Dr. Kathimathi r,5.0,Excellent,General Physician Doctors,"  No 169-B, Nethaji Road, Cuddalore HO, PONDICHERRY - 607001"
Dr. Manavalan,4.0,Excellent,General Physician Doctors,"  No 110, Bazaar Street, Chidambaram H O, PONDICHERRY - 608001"
Dr. Krishnagopal r,4.0,Excellent,General Physician Doctors,"  No 127, S P Koil Street, Chidambaram H O, PONDICHERRY - 608001"
Dr. Saravanan K Padmanabhan,5.0,Excellent,General Physician Doctors,"  No 180, Lalbahadur Sastri Street, Puducherry H O, Pondicherry - 605001"
Dr. Monica Thalal,5.0,Excellent,Nephrologists,"  No 26, Perumal Koil Street, Puducherry H O, Pondicherry - 605001"
MVR Medical Centre,4.3,Excellent,Nephrologists,"  No 32 A Sri Venkateshwara Hospital, Pondy Villupuram Main Road, Pondicherry - 605001, Ariyur"
East Coast Hospitals,4.1,Excellent,Nephrologists,"  No 12 And13, ECR Main Road Karuvadikuppam, Lawspet Pondicherry, Pondicherry - 605008, Near Sivaji Statue"
Delta Q Labs,5.0,Excellent,Nephrologists,"  No 1, Perambai Road, Moolakulam, Pondicherry - 605010, Near Vasantharaja Cinema Hall, Paris Nagar"
Sri Venkateshwaraa Medical ..,4.1,Excellent,Nephrologists,"  No 36/A, Cuddalore Main Road, Mudaliarpet, Pondicherry - 605004, Near Communist Party Office"
Jipmer Hospital,4.3,Excellent,Nephrologists,"  13 A, Pondicherry Villupuram Main Road Ariyur, Pondicherry - 605001, Ariyur"
Pondicherry Institute Of Me..,4.0,Excellent,Nephrologists,"  Dhanvantri Nagar, Pondicherry - 605006, Gorimedu"
Rani Hospital,4.0,Excellent,Nephrologists,"  Pondicherry University, Pondicherry - 605014, Ganapathichettikulam Kalathumettupathai Kalapet"
Be Well Hospitals,3.7,Very good,Nephrologists,"  No 27, Vazhudhavur Road, Thattanchavadi, Pondicherry - 605009, Near Rajiv Gandhi Statue"
Aum Hospitals,4.3,Excellent,Nephrologists,"  No 15, East Coast Road, Lawspet Pondicherry, Pondicherry - 605008, Green Gardens"
Davita Care India Ltd,4.7,Excellent,Nephrologists,"  No 1, Cholai Nagar Main Road, Muthialpet, Pondicherry - 605003, Sapthagiri Garden Opposite Chinaathal School"
Sri Manakula Vinayagar Medi..,4.5,Excellent,Nephrologists,"  No 1,Saptagiri, Solai Nagar Main Road, Muthialpet, Pondicherry - 605003"
Kidney Centre Hospital,4.1,Excellent,Nephrologists,"  Pondicherry-Villupuram Main Road, Pondicherry - 605001, Kalitheerthalkuppam Madagadipet"
Sri Venkateshwara Hospital,3.8,Very good,Nephrologists,"  no;206, anna salai, Pondicherry - 605001, opp botanical garden near sbi bank near farmer market"
Dr. Murugesan n,4.3,Excellent,Nephrologists,"  No 13 A, Pondy Villupuram Main Road, Ariyur, Pondicherry - 605003, Ariyur 605102 villupuram"
Neomed Hospital(Dr Sivabala..,0.5,Very Poor,Nephrologists,"  No 133, 100 Feet Road, Nellithope, Pondicherry - 605005, Natesan Nagar"
Herbocare Hospital Pvt Ltd,4.3,Excellent,Nephrologists,"  no 58b bharathi street thiruvalluvar nagar, Bharathi Street-venkata Nagar, Pondicherry - 605003"
Pondicherry Kidney Foundati..,4.1,Excellent,Nephrologists,"  No 11, 1st Street, Pondicherry - 605001, Near Muruga Theatre Bus Stop & Old Collector Office, Gnanaprakasam Nagar"
Dr. Kumar,4.3,Excellent,Nephrologists,"  C/O Kidney Centre 470, Mahatma Gandhi Road, Pondicherry., Pondicherry Bazaar, Pondicherry - 605001, New Medical Centre Premises"
Dr. Narayan,4.1,Excellent,Nephrologists,"  No 1 Sabthagiri Gardens Davita Nephrolife, Solai Nagar Main Road, Lawspet, Pondicherry - 605008, Muthialpet"
Dr. Narayan (Davita Care In..,3.9,Very good,Nephrologists,"  No 1 Sabthagiri Gardens Davita Nephrolife, Solai Nagar Main Road, Lawspet, Pondicherry - 605008, Muthialpet"
Dr. Gopal Rabindranath (eas..,4.5,Excellent,Nephrologists,"  C/O Davita Care India Ltd No 1 Sabthagiri Gardens, Solai Nagar Main Road, Muthialpet, Pondicherry - 605003"
Dr. Murugesan N (East Coast..,4.1,Excellent,Nephrologists,"  No 1, Moolakulam, Pondicherry - 605010, Paris Nagar Near Vasantha Raja Cinema Hall"
Dr. K Narayanan (Kidney Cen..,3.8,Very good,Nephrologists,"  C/O East Coast Hospitals No 1, Moolakulam, Pondicherry - 605010, Near Vasantha Raja Theatre, Paris Nagar"
Dr. Kumar (Davita Care Indi..,4.3,Excellent,Nephrologists,"   206, Annasalai, White Town, Pondicherry - 605001"
Dr.Hemachandar R,4.4,Excellent,Nephrologists,"  C/o Davita Care India Ltd No 1 Sabthagiri Gardens, Solai Nagar Main Road, Muthialpet, Pondicherry - 605003"
Dr. Rabundranath g,4.5,Excellent,Nephrologists,"  Bahoor, Pondicherry - 607402"
Krishna Hospital,4.1,Excellent,Nephrologists,"  No 194, Lalbhadur Shasttri Street, Pondicherry Ho, - 605001 (Also serves PONDICHERRY)"
Sun Pharmacy,4.3,Excellent,Nephrologists,"  No 17 A, Hospital Road, Cuddalore - 607001 (Also serves PONDICHERRY)"
Vasista Ayurveda,4.1,Excellent,Nephrologists,"  No 3/5, Main Bazaar, Block 19 and Also In Indira Nagar, Neyveli Town Ship, Neyveli - 607801, Near Icici Bank (Also serves PONDICHERRY)"
Lavanya Ayurvedic Hospital ..,3.9,Very good,Nephrologists,"   5410, Old housing board colony, Ravindra Nagar Hassan, Hassan - 573201, Near Ravindra park (Also serves PONDICHERRY)"
Sri Manakula Vinayagar Medi..,4.5,Excellent,Nephrologists,"  3rd Floor, Bansal Complex, Faizabad Road, Indira Nagar, Lucknow - 226016, Near Neelgiri Chauraha (Also serves PONDICHERRY)"
Kidney Centre Hospital,4.1,Excellent,Nephrologists,"  Pondicherry-Villupuram Main Road, Pondicherry - 605001, Kalitheerthalkuppam Madagadipet"
Sri Venkateshwara Hospital,3.8,Very good,Nephrologists,"  no;206, anna salai, Pondicherry - 605001, opp botanical garden near sbi bank near farmer market"
Dr. Murugesan n,4.3,Excellent,Nephrologists,"  No 13 A, Pondy Villupuram Main Road, Ariyur, Pondicherry - 605003, Ariyur 605102 villupuram"
Neomed Hospital(Dr Sivabala..,0.5,Very Poor,Nephrologists,"  No 133, 100 Feet Road, Nellithope, Pondicherry - 605005, Natesan Nagar"
Herbocare Hospital Pvt Ltd,4.3,Excellent,Nephrologists,"  no 58b bharathi street thiruvalluvar nagar, Bharathi Street-venkata Nagar, Pondicherry - 605003"
Pondicherry Kidney Foundati..,4.4,Excellent,Nephrologists,"  No 11, 1st Street, Pondicherry - 605001, Near Muruga Theatre Bus Stop & Old Collector Office, Gnanaprakasam Nagar"
Dr. Kumar,4.6,Excellent,Nephrologists,"  C/O Kidney Centre 470, Mahatma Gandhi Road, Pondicherry., Pondicherry Bazaar, Pondicherry - 605001, New Medical Centre Premises"
Dr. Narayan,4.1,Excellent,Nephrologists,"  No 1 Sabthagiri Gardens Davita Nephrolife, Solai Nagar Main Road, Lawspet, Pondicherry - 605008, Muthialpet"
Dr. Narayan (Davita Care In..,4.3,Excellent,Nephrologists,"  No 1 Sabthagiri Gardens Davita Nephrolife, Solai Nagar Main Road, Lawspet, Pondicherry - 605008, Muthialpet"
Dr. Gopal Rabindranath (eas..,4.1,Excellent,Nephrologists,"  C/O Davita Care India Ltd No 1 Sabthagiri Gardens, Solai Nagar Main Road, Muthialpet, Pondicherry - 605003"
Dr. Murugesan N (East Coast..,3.9,Very good,Nephrologists,"  No 1, Moolakulam, Pondicherry - 605010, Paris Nagar Near Vasantha Raja Cinema Hall"
Dr. K Narayanan (Kidney Cen..,4.5,Excellent,Nephrologists,"  C/O East Coast Hospitals No 1, Moolakulam, Pondicherry - 605010, Near Vasantha Raja Theatre, Paris Nagar"
Dr. Kumar (Davita Care Indi..,4.1,Excellent,Nephrologists,"   206, Annasalai, White Town, Pondicherry - 605001"
Dr.Hemachandar R,3.8,Very good,Nephrologists,"  C/o Davita Care India Ltd No 1 Sabthagiri Gardens, Solai Nagar Main Road, Muthialpet, Pondicherry - 605003"
Dr. Rabundranath g,4.3,Excellent,Nephrologists,"  Bahoor, Pondicherry - 607402"
Krishna Hospital,4.1,Excellent,Nephrologists,"  No 194, Lalbhadur Shasttri Street, Pondicherry Ho, - 605001 (Also serves PONDICHERRY)"
Sun Pharmacy,4.3,Excellent,Nephrologists,"  No 17 A, Hospital Road, Cuddalore - 607001 (Also serves PONDICHERRY)"
Vasista Ayurveda,4.1,Excellent,Nephrologists,"  No 3/5, Main Bazaar, Block 19 and Also In Indira Nagar, Neyveli Town Ship, Neyveli - 607801, Near Icici Bank (Also serves PONDICHERRY)"
Lavanya Ayurvedic Hospital ..,3.9,Very good,Nephrologists,"   5410, Old housing board colony, Ravindra Nagar Hassan, Hassan - 573201, Near Ravindra park (Also serves PONDICHERRY)"
Dr. Gopal Rabindranath (eas..,4.3,Excellent,Nephrologists,"  3rd Floor, Bansal Complex, Faizabad Road, Indira Nagar, Lucknow - 226016, Near Neelgiri Chauraha (Also serves PONDICHERRY)"
Dr. Murugesan N (East Coast..,4.1,Excellent,Nephrologists,"  No 1, Moolakulam, Pondicherry - 605010, Paris Nagar Near Vasantha Raja Cinema Hall"
Dr. K Narayanan (Kidney Cen..,4.3,Excellent,Nephrologists,"  C/O East Coast Hospitals No 1, Moolakulam, Pondicherry - 605010, Near Vasantha Raja Theatre, Paris Nagar"
Dr. Kumar (Davita Care Indi..,4.1,Excellent,Nephrologists,"   206, Annasalai, White Town, Pondicherry - 605001"
Dr.Hemachandar R,3.9,Very good,Nephrologists,"  C/o Davita Care India Ltd No 1 Sabthagiri Gardens, Solai Nagar Main Road, Muthialpet, Pondicherry - 605003"
Dr. Rabundranath g,3.9,Very good,Nephrologists,"  Bahoor, Pondicherry - 607402"
Krishna Hospital,4.1,Excellent,Nephrologists,"  No 194, Lalbhadur Shasttri Street, Pondicherry Ho, - 605001 (Also serves PONDICHERRY)"
Sun Pharmacy,4.3,Excellent,Nephrologists,"  No 17 A, Hospital Road, Cuddalore - 607001 (Also serves PONDICHERRY)"
Vasista Ayurveda,4.1,Excellent,Nephrologists,"  No 3/5, Main Bazaar, Block 19 and Also In Indira Nagar, Neyveli Town Ship, Neyveli - 607801, Near Icici Bank (Also serves PONDICHERRY)"
Lavanya Ayurvedic Hospital ..,3.9,Very good,Nephrologists,"   5410, Old housing board colony, Ravindra Nagar Hassan, Hassan - 573201, Near Ravindra park (Also serves PONDICHERRY)"
Clinic Nallam,4.1,Excellent,Neurologist Surgery,"  No 86, Eswaran Kovil Street, Pondicherry - 605001, Near Easwaran Kovil"
Apollo Hospital Information..,3.5,Very good,Neurologist Surgery,"  No.60, 100 Feet Road, Ellaipillaichavady, Pondicherry - 605005, Opp to N.T Mahal"
Rani Hospital,4.0,Very good,Neurologist Surgery,"  No 27, Vazhudhavur Road, Thattanchavadi, Pondicherry - 605009, Near Rajiv Gandhi Statue"
Be Well Hospitals,3.7,Very good,Neurologist Surgery,"  No 15, East Coast Road, Lawspet Pondicherry, Pondicherry - 605008, Green Gardens"
Apollo Hospital Information..,4.1,Excellent,Neurologist Surgery,"  No 79, valudhavur main road, Nellithope, Pondicherry - 605009, Near By Employment office"
Neomed Hospital(Dr Sivabala..,0.5,Very Poor,Neurologist Surgery,"  no 58b bharathi street thiruvalluvar nagar, Bharathi Street-venkata Nagar, Pondicherry - 605003"
MKV Polyclinic,3.5,Very good,Neurologist Surgery,"  No 250, Bussy Street, Bazaar, Pondicherry - 605001, Opposite Kamban Kalai Arangam"
Dr. Prabhakaran R (MKV Poly..,3.6,Very good,Neurologist Surgery,"  C/O MKV Polyclinic No 250, Bussy Street, Pondicherry Bazaar, Pondicherry - 605001, Opposite Kamban Kalai Arangam"
Valli Vilas Nursing Home,3.3,Very good,Neurologist Surgery,"  No 45/2, Bharathi Road, Cuddalore Ho, - 607001 (Also serves PONDICHERRY)"
Dr. Ravendran v,5.0,Excellent,Neurologist Surgery,"  Coimbatore Bone & Joint Foundation Pvt Ltd, No 1091, Rs Puram H O, Coimbatore - 641002, Mettupalayam Road North Coimbatore Bus Stop (Also serves PONDICHERRY)"
Mantry Rehab Centre,3.9,Very good,Neurologist Surgery,"  Shop Number 110 V Mall, Thakur Complex, Kandivali East, Mumbai - 400101, Near Saidham Temple (Also serves PONDICHERRY)"
Vasista Ayurveda,4.1,Excellent,Neurologist Surgery,"   5410, Old housing board colony, Ravindra Nagar Hassan, Hassan - 573201, Near Ravindra park (Also serves PONDICHERRY)"
Lavanya Ayurvedic Hospital ..,3.9,Very good,Neurologist Surgery,"  3rd Floor, Bansal Complex, Faizabad Road, Indira Nagar, Lucknow - 226016, Near Neelgiri Chauraha (Also serves PONDICHERRY)"
Mantry Rehab Centre,3.9,Very good,Neurologist Surgery,"  Shop Number 110 V Mall, Thakur Complex, Kandivali East, Mumbai - 400101, Near Saidham Temple (Also serves PONDICHERRY)"
Vasista Ayurveda,4.1,Excellent,Neurologist Surgery,"   5410, Old housing board colony, Ravindra Nagar Hassan, Hassan - 573201, Near Ravindra park (Also serves PONDICHERRY)"
Lavanya Ayurvedic Hospital ..,3.9,Very good,Neurologist Surgery,"  3rd Floor, Bansal Complex, Faizabad Road, Indira Nagar, Lucknow - 226016, Near Neelgiri Chauraha (Also serves PONDICHERRY)"
Sri Venkateshwaraa Medical ..,4.1,Excellent,Gastroenterologists,"  13 A, Pondicherry Villupuram Main Road Ariyur, Pondicherry - 605001, Ariyur"
East Coast Hospitals,4.1,Excellent,Gastroenterologists,"  No 1, Perambai Road, Moolakulam, Pondicherry - 605010, Near Vasantharaja Cinema Hall, Paris Nagar"
Clinic Nallam,4.1,Excellent,Gastroenterologists,"  No 86, Eswaran Kovil Street, Pondicherry - 605001, Near Easwaran Kovil"
Dr. Karthikeyan R,4.6,Excellent,Gastroenterologists,"  No 41 Balaji Gastro Centre, 14th Cross, Ellaipillaichavady, Pondicherry - 605005, Opposite Rajiv Gandhi Government Maternity Hospital, Anna Nagar"
Jipmer Hospital,4.3,Excellent,Gastroenterologists,"  Dhanvantri Nagar, Pondicherry - 605006, Gorimedu"
Pondicherry Institute Of Me..,4.0,Very good,Gastroenterologists,"  Pondicherry University, Pondicherry - 605014, Ganapathichettikulam Kalathumettupathai Kalapet"
Government General Hospital,4.0,Very good,Gastroenterologists,"  Ambour Salai, Pondicherry - 605001"
Rani Hospital,4.0,Very good,Gastroenterologists,"  No 27, Vazhudhavur Road, Thattanchavadi, Pondicherry - 605009, Near Rajiv Gandhi Statue"
Be Well Hospitals,3.7,Very good,Gastroenterologists,"  No 15, East Coast Road, Lawspet Pondicherry, Pondicherry - 605008, Green Gardens"
Apollo Hospital Information..,4.1,Excellent,Gastroenterologists,"  No 79, valudhavur main road, Nellithope, Pondicherry - 605009, Near By Employment office"
Aum Hospitals,4.3,Excellent,Gastroenterologists,"  No 1, Cholai Nagar Main Road, Muthialpet, Pondicherry - 605003, Sapthagiri Garden Opposite Chinaathal School"
Sri Venkateshwara Hospital,3.8,Very good,Gastroenterologists,"  No 13 A, Pondy Villupuram Main Road, Ariyur, Pondicherry - 605003, Ariyur 605102 villupuram"
Dr. Karthikeyan R (East Coa..,5.0,Excellent,Gastroenterologists,"  C/O East Coast Hospitals No 1, Perambai Road, Moolakulam, Pondicherry - 605010, Near Vasantharaja Cinema Hall, Paris Nagar"
Tiru Medical Center,4.9,Excellent,Gastroenterologists,"  133, 100 Feet Road, Mudaliarpet, Pondicherry - 605004, Between RTO Office and Sunway Manor GRT Hotel"
Viniyoga Heealing Centre,5.0,Excellent,Gastroenterologists,"  No.61, Perumal Koil Street, Pondicherry - 605001, Near M.G.Road"
Balaji Gastro Centre,5.0,Excellent,Gastroenterologists,"  No 250, Bussy Street, Pondicherry - 605001, Opposite Kamban Kalai Arangam"
MKV Polyclinic,3.5,Very good,Gastroenterologists,"  No 250, Bussy Street, Bazaar, Pondicherry - 605001, Opposite Kamban Kalai Arangam"
Royal India Associates,3.6,Very good,Gastroenterologists,"  No.2, Appavoo Maistry Street, Pondicherry - 605001"
Dr. Satish n,3.7,Very good,Gastroenterologists,"  No 86 Clinic Nallam, Eswaran Kovil Street, Pondicherry - 605001, Near Easwaran Kovil"
Dr. Vinoth(Arcot Hospitals),3.8,Very good,Gastroenterologists,"  No 30/31 Alc Campus, Cuddalore Ho, PONDICHERRY - 607001, Manjakuppam"
Sun Pharmacy,4.3,Excellent,Gastroenterologists,"  No 3/5, Main Bazaar, Block 19 and Also In Indira Nagar, Neyveli Town Ship, Neyveli - 607801, Near Icici Bank (Also serves PONDICHERRY)"
Aum Hospitals,4.3,Excellent,Gastroenterologists,"  No 1, Cholai Nagar Main Road, Muthialpet, Pondicherry - 605003, Sapthagiri Garden Opposite Chinaathal School"
Sri Venkateshwara Hospital,3.8,Very good,Gastroenterologists,"  No 13 A, Pondy Villupuram Main Road, Ariyur, Pondicherry - 605003, Ariyur 605102 villupuram"
Dr. Karthikeyan R (East Coa..,5.0,Excellent,Gastroenterologists,"  C/O East Coast Hospitals No 1, Perambai Road, Moolakulam, Pondicherry - 605010, Near Vasantharaja Cinema Hall, Paris Nagar"
Tiru Medical Center,4.9,Excellent,Gastroenterologists,"  133, 100 Feet Road, Mudaliarpet, Pondicherry - 605004, Between RTO Office and Sunway Manor GRT Hotel"
Viniyoga Heealing Centre,5.0,Excellent,Gastroenterologists,"  No.61, Perumal Koil Street, Pondicherry - 605001, Near M.G.Road"
Balaji Gastro Centre,5.0,Excellent,Gastroenterologists,"  No 250, Bussy Street, Pondicherry - 605001, Opposite Kamban Kalai Arangam"
MKV Polyclinic,3.5,Very good,Gastroenterologists,"  No 250, Bussy Street, Bazaar, Pondicherry - 605001, Opposite Kamban Kalai Arangam"
Royal India Associates,3.6,Very good,Gastroenterologists,"  No.2, Appavoo Maistry Street, Pondicherry - 605001"
Dr. Satish n,3.7,Very good,Gastroenterologists,"  No 86 Clinic Nallam, Eswaran Kovil Street, Pondicherry - 605001, Near Easwaran Kovil"
Dr. Vinoth(Arcot Hospitals),3.8,Very good,Gastroenterologists,"  No 30/31 Alc Campus, Cuddalore Ho, PONDICHERRY - 607001, Manjakuppam"
Sun Pharmacy,4.3,Excellent,Gastroenterologists,"  No 3/5, Main Bazaar, Block 19 and Also In Indira Nagar, Neyveli Town Ship, Neyveli - 607801, Near Icici Bank (Also serves PONDICHERRY)"
Sun Pharmacy,4.3,Excellent,Gastroenterologists,"  No 3/5, Main Bazaar, Block 19 and Also In Indira Nagar, Neyveli Town Ship, Neyveli - 607801, Near Icici Bank (Also serves PONDICHERRY)"
Simha Hearing Aids And Spee..,4.6,Excellent,ENT Doctors,"  No 352 Vijaya Complex 1st Floor, Villianur Main Road, Nellithope, Pondicherry - 605005, Opposite Fish Market"
L K Nursing Home,4.3,Excellent,ENT Doctors,"  No 370, 2nd Main Road Mahaveer Nagar, Lawspet, Pondicherry - 605008, Near Lawspet Police Station"
Apollo Hospital Information..,3.5,Very good,ENT Doctors,"  No.60, 100 Feet Road, Ellaipillaichavady, Pondicherry - 605005, Opp to N.T Mahal"
New Medical Centre,4.1,Excellent,ENT Doctors,"  No 159 &161, Bussy Street, Pondicherry - 605001, Near Chinna Manikoondu"
Apollo Hospital Information..,4.1,Excellent,ENT Doctors,"  No 79, valudhavur main road, Nellithope, Pondicherry - 605009, Near By Employment office"
Sri Venkateshwaraa Medical ..,4.1,Excellent,ENT Doctors,"  13 A, Pondicherry Villupuram Main Road Ariyur, Pondicherry - 605001, Ariyur"
Rani Hospital,4.0,Very good,ENT Doctors,"  No 27, Vazhudhavur Road, Thattanchavadi, Pondicherry - 605009, Near Rajiv Gandhi Statue"
Fortis East Coast Hospitals..,3.8,Very good,ENT Doctors,"  No 194 Outpatient Complex, Lalbahadur Shastri Street, Bussy Street, Pondicherry - 605001"
Be Well Hospitals,3.7,Very good,ENT Doctors,"  No 15, East Coast Road, Lawspet Pondicherry, Pondicherry - 605008, Green Gardens"
Dr. Vasudevan T l,4.3,Excellent,ENT Doctors,"  No 212, Bussy Street, Pondicherry - 605001"
Viji Clinic,4.4,Excellent,ENT Doctors,"  No 288, Kamaraj Salai, Saram, Pondicherry - 605013, Opposite Shanmuga Thirumana Mandapam & Near Rajiv Gandhi Statue"
United Care Hearing Aids & ..,4.8,Excellent,ENT Doctors,"  No 48, Badar Saib Street, Pondicherry Bazaar, Pondicherry - 605001, Behind Old Bus Stand"
Dr. Atul M Bage,3.7,Very good,ENT Doctors,"  No 215, Bussy Street, Puducherry H O, Pondicherry - 605001"
Jayakodi Hospitals,4.8,Excellent,ENT Doctors,"  No:211A, TV Malai Road, Tirukannur, Pondicherry - 605501"
Decibel Audiology Centre He..,4.7,Excellent,ENT Doctors,"  No 216, Bussy Street, Bussy Street, Pondicherry - 605001, Opposite Anjappar Hotel"
S R ENT Clinic,0.5,Very Poor,ENT Doctors,"  No 75, East Car Street, Chidambaram H O, PONDICHERRY - 608001"
Dr. Karunanidhi m,4.6,Excellent,ENT Doctors,"  No 288 C/O Viji Clinic, Kamaraj Salai, Saram, Pondicherry - 605013, Opposite Shanmuga Thirumana Mandapam & Near Rajiv Gandhi Statue"
Herbocare Hospital Pvt Ltd,4.5,Excellent,ENT Doctors,"  No 11, 1st Street, Pondicherry - 605001, Near Muruga Theatre Bus Stop & Old Collector Office, Gnanaprakasam Nagar"
Dr. Kulandaivelu S,0.6,Very Poor,ENT Doctors,"  No 6, 45 Feet Road, Venkata Nagar, Pondicherry - 605011, Rajarajeswari Nagar,Near French Corner Bakery,"
Clinic ENT,4.4,Excellent,ENT Doctors,"  2,KALAIVANAR NAGAR, main road, Gorimedu, Pondicherry - 605006, NEAR JIPMER CHECK POST"
Shivani ENT Clinic,4.3,Excellent,ENT Doctors,"  Krishnar Bajanai Madam, Pillaitottam, Pondicherry - 605013"
Dr. N D Rajan(simha Hearing..,0.7,Very Poor,ENT Doctors,"  No 352 Vijaya Complex 1st Floor, Villianur Main Road, Nellithope, Pondicherry - 605005, Opposite Fish Market"
Dr. M Saravanakumar (Shivan..,4.2,Excellent,ENT Doctors,"  C/o Shivani Ent Clinic, Krishnar Bajanai Madam, Pillaitottam, Pondicherry - 605013"
Dr. Allirani j,4.1,Excellent,ENT Doctors,"  No 6/10, Sengundar Street, Nellithope, Pondicherry - 605005, Orleanpet"
Dr. Bibin M Babu (East Coas..,0.8,Very Poor,ENT Doctors,"  C/O East Coast Hospitals No 1, Perambai Road, Moolakulam, Pondicherry - 605010, Near Vasantha Raja Theatre, Paris Nagar"
Royal India Associates,4.0,Very good,ENT Doctors,"  No.2, Appavoo Maistry Street, Pondicherry - 605001"
Dr. Suriyanarayana V,4.1,Excellent,ENT Doctors,"  No 448, Bharathi Street, Puducherry H O, Pondicherry - 605001"
Aum Speciality Clinics,0.9,Very Poor,ENT Doctors,"  No 2c, Jawaherlal Nehru Street, Pondicherry - 605001, Behind Raj Niwas"
Dr. Sathiyan (New Medical C..,4.2,Excellent,ENT Doctors,"  C/O New Medical Centre No 470, M G Road, Pondicherry - 605001"
Dr. Satvinder Singh Bakshi ..,4.3,Excellent,ENT Doctors,"   2, Jawaharlal Nehru Street, Sri Aurobindo Ashram., Sri Aurobindo Ashram, Pondicherry - 605001, Behind Rajniwas"
Sabari Clinic,0.10,Very Poor,ENT Doctors,"  No 14, Uruvaiyar Main Road, Villianur, Pondicherry - 605110, Annamalai Nagar, Acharyapuram Near Acharya College"
Sri Jayajothi Polyclinic,4.4,Excellent,ENT Doctors,"  No 18/2, Hospital Road, Manjakuppam, Cuddalore - 607001 (Also serves PONDICHERRY)"
Sri Shruthi Clinic,5.0,Excellent,ENT Doctors,"  No.44, Kumara koil street, Old Town, Cuddalore - 607003, Near kumaran temple (Also serves PONDICHERRY)"
Sun Pharmacy,4.3,Excellent,ENT Doctors,"  No 3/5, Main Bazaar, Block 19 and Also In Indira Nagar, Neyveli Town Ship, Neyveli - 607801, Near Icici Bank (Also serves PONDICHERRY)"
East Coast Hospitals,4.1,Excellent,Kidney ,"  No 1, Perambai Road, Moolakulam, Pondicherry - 605010, Near Vasantharaja Cinema Hall, Paris Nagar"
Clinic Nallam,4.1,Excellent,Kidney ,"  No 86, Eswaran Kovil Street, Pondicherry - 605001, Near Easwaran Kovil"
MVR Medical Centre,4.3,Excellent,Kidney ,"  No 12 And13, ECR Main Road Karuvadikuppam, Lawspet Pondicherry, Pondicherry - 605008, Near Sivaji Statue"
L K Nursing Home,4.3,Excellent,Kidney ,"  No 370, 2nd Main Road Mahaveer Nagar, Lawspet, Pondicherry - 605008, Near Lawspet Police Station"
Dr. Narendra Agarawal,5.0,Excellent,Kidney ,"  122, west car street, Villianur, Pondicherry - 605110, opposite to icici atm"
Sri Venkateshwaraa Medical ..,4.1,Excellent,Kidney ,"  13 A, Pondicherry Villupuram Main Road Ariyur, Pondicherry - 605001, Ariyur"
Jipmer Hospital,4.3,Excellent,Kidney ,"  Dhanvantri Nagar, Pondicherry - 605006, Gorimedu"
Pondicherry Institute Of Me..,4.0,Very good,Kidney ,"  Pondicherry University, Pondicherry - 605014, Ganapathichettikulam Kalathumettupathai Kalapet"
Rani Hospital,4.0,Very good,Kidney ,"  No 27, Vazhudhavur Road, Thattanchavadi, Pondicherry - 605009, Near Rajiv Gandhi Statue"
Be Well Hospitals,3.7,Very good,Kidney ,"  No 15, East Coast Road, Lawspet Pondicherry, Pondicherry - 605008, Green Gardens"
Sri Arunachalam Hospital,3.9,Very good,Kidney ,"  No 205, Chinna Subrayapillai Street, Pondicherry - 605001, Opposite Kamban Kalai Arangam"
Madhava Hospital,4.0,Very good,Kidney ,"  No 15, Point Care Street, Nellithope, Pondicherry - 605005, Near Indira Gandhi Statue"
Aum Hospitals,4.3,Excellent,Kidney ,"  No 1, Cholai Nagar Main Road, Muthialpet, Pondicherry - 605003, Sapthagiri Garden Opposite Chinaathal School"
Sri Manakula Vinayagar Medi..,4.5,Excellent,Kidney ,"  Pondicherry-Villupuram Main Road, Pondicherry - 605001, Kalitheerthalkuppam Madagadipet"
Kidney Centre Hospital,4.1,Excellent,Kidney ,"  no;206, anna salai, Pondicherry - 605001, opp botanical garden near sbi bank near farmer market"
Sri Venkateshwara Hospital,3.8,Very good,Kidney ,"  No 13 A, Pondy Villupuram Main Road, Ariyur, Pondicherry - 605003, Ariyur 605102 villupuram"
Dr. Vasudevan S,4.1,Excellent,Kidney ,"  No 180, Lalbahadur Street, Pondicherry Bazaar, Pondicherry - 605001, Nera Small Clock Tower"
Chithra Medical Group,4.2,Excellent,Kidney ,"  No.75, Third Cross, Paris Nagar, pondicherry 605010, Moolakulam, Pondicherry - 605010, Near East Coast Hospital"
Dr. Vijay Oza,3.6,Very good,Kidney ,"  194 Eastcoast Diagnostics, Lalbahadur Street(Bussy Street), Bussy Street, Pondicherry - 605001, Near Anjappar Hotel"
Herbocare Hospital Pvt Ltd,4.3,Excellent,Kidney ,"  No 11, 1st Street, Pondicherry - 605001, Near Muruga Theatre Bus Stop & Old Collector Office, Gnanaprakasam Nagar"
Dr. Rajendran p,4.5,Excellent,Kidney ,"  No 206, Bussy Street, Puducherry H O, Pondicherry - 605001"
Dr. Vijay Oza (East Coast H..,4.7,Excellent,Kidney ,"  C/O East Coast Hospitals No 1, Perambai Road, Moolakulam, Pondicherry - 605010, Near Vasantha Raja Theatre, Paris Nagar"
Dr. Prasanth Nayak (East Co..,4.9,Excellent,Kidney ,"  C/O East Coast Hospitals No 1, Perambai Road, Moolakulam, Pondicherry - 605010, Near Vasantha Raja Theatre, Paris Nagar"
Dr. Vasudevan (East Coast H..,4.11,Excellent,Kidney ,"  C/O East Coast Hospitals No 1, Perambai Road, Moolakulam, Pondicherry - 605010, Near Vasantharaja Cinema Hall, Paris Nagar"
Royal India Associates,4.13,Excellent,Kidney ,"  No.2, Appavoo Maistry Street, Pondicherry - 605001"
Dr. Kalyana Ram,4.15,Excellent,Kidney ,"  No 86 Clinic Nallam, Eswaran Kovil Street, Pondicherry - 605001, Near Easwaran Kovil"
Dr. Sudhakar K (New Medical..,4.17,Excellent,Kidney ,"  C/O New Medical Centre No 470, M G Road, Pondicherry - 605001"
Vijay Kidney & Urology Clin..,5.0,Excellent,Kidney ,"  No 194 East Coast Laboratory, Lalbahathur Street, Pondicherry - 605003, Opposite Roshamaa Kalyana Mandapam"
Amrutha Laser Stone Clinic,3.5,Very good,Kidney ,"  Clinic Nallam, Eswaran Koil Street, PONDICHERRY - 605003, Eswaran Koil"
Dr. Rajendiran p,4.17,Excellent,Kidney ,"  No 17, Bashyam Reddy Street, Cuddalore Ho, PONDICHERRY - 607001"
Valli Vilas Nursing Home,5.0,Excellent,Kidney ,"  No 45/2, Bharathi Road, Cuddalore Ho, - 607001 (Also serves PONDICHERRY)"
Sun Pharmacy,3.5,Very good,Kidney ,"  No 3/5, Main Bazaar, Block 19 and Also In Indira Nagar, Neyveli Town Ship, Neyveli - 607801, Near Icici Bank (Also serves PONDICHERRY)"
Dr. Sivakumar,4.17,Excellent,Kidney ,"  Saraswathi Hospital No 152a 153, Trichy Road Chinthamani Pudur, Irugur, Coimbatore - 641103, Near Bye Pass Junction (Also serves PONDICHERRY)"
Dr. Nachiappan m,5.0,Excellent,Kidney ,"  No 12, , Victoria Nagar E P Chavadi (Also serves PONDICHERRY)"
Clinic Nallam,5.0,Excellent,Jaundice,"  No 86, Eswaran Kovil Street, Pondicherry - 605001, Near Easwaran Kovil"
PELICAN Pondicherry Endosco..,5.0,Excellent,Jaundice,"  42/3, 100 feet road, Mudaliarpet, Pondicherry - 605004, between RTO office and Sunway GRT Grand hotel"
Clinic Nallam,4.1,Excellent,Neurologists,"  No 86, Eswaran Kovil Street, Pondicherry - 605001, Near Easwaran Kovil"
Dr. Narendra Agarawal,5.0,Excellent,Paediatricians,"  122, west car street, Villianur, Pondicherry - 605110, opposite to icici atm"
VLCC Healthcare Ltd,3.8,Very good,Dietitians,"  No 54, Sri Aurobindo Street, Pondicherry - 605001, Near Krishna Sweets"
Rani Hospital,4.0,Very good,Dietitians,"  No 27, Vazhudhavur Road, Thattanchavadi, Pondicherry - 605009, Near Rajiv Gandhi Statue"
Aum Hospitals,4.3,Excellent,Dietitians,"  No 1, Cholai Nagar Main Road, Muthialpet, Pondicherry - 605003, Sapthagiri Garden Opposite Chinaathal School"
Sri Venkateshwara Hospital,3.8,Very good,Dietitians,"  No 13 A, Pondy Villupuram Main Road, Ariyur, Pondicherry - 605003, Ariyur 605102 villupuram"
LIPO Slimming Beauty & Fitn..,4.7,Excellent,Dietitians,"  No 84, 2nd Main Road Vazhudavour Road, Vvp Nagar, Pondicherry - 605009, Near Ashwini Hospital"
Dietician Madhavi Kortis Di..,4.7,Excellent,Dietitians,"  C 42, Staff Quarters, Aravind Eye Hospital, Pondicherry, Puducherry, Pondicherry - 605001"
Vestige,4.7,Excellent,Dietitians,"  24, Puducherry, V O C Street, Pondicherry - 605001, Near Old Bus Stand"
Hemalatha R,4.5,Excellent,Dietitians,"  No 8, Thirumurugan Street, Venkata Nagar, Pondicherry - 605011, Kamarajar Nagar"
Subbulakshmi T,4.7,Excellent,Dietitians,"  No 16, Vellalar Street, Villianur, Pondicherry - 605110"
A G Dental Clinic,4.6,Excellent,Dentist,"  Sethu Nursing Home, No. 130, 1 Street Floor, Perumal Kovil Street, Pondicherry - 605001, Near Anandha Inn"
SSV Smile Kare,5.0,Excellent,Dentist,"  74, Bhraminal Street, Mudaliarpet, Pondicherry - 605004, Near Puthupillayar Temple"
Le Dental Implant Centre,4.9,Excellent,Dentist,"  No 18, Vallalar High Road, Venkata Nagar, Pondicherry - 605011, Vankata Nagar Extension"
Shakshi Dental Care,5.0,Excellent,Dentist,"  No 166, Lenin Street, Kuyavarpalayam, Pondicherry - 605005, Near Best Needs And Adjacent To Vaniga Vaishya Sri Harihara Bajanai Madam"
Ever Smiles,4.9,Excellent,Dentist,"  No, 95, Lenin street, Saram, Pondicherry - 605013, Opp To Krishna Nursing Home"
Annai Dental Clinic,4.6,Excellent,Dentist,"  No. 59/A,, East Street, Saram, Pondicherry - 605013, Kamaraj Salai & Lenin Street Junction"
Ever Smiles,4.9,Excellent,Dentist,"  No.95, LENIN STREET, kuyavarpalayam, Saram, Pondicherry - 605013, OPP. TO KRISHNA NURSING HOME"
Dr. Dentsmile Clinic,4.8,Excellent,Dentist,"  80, Bussy st white town global hospital information centre branch st Joseph's hospital cluny romain rol, Bussy Street, Pondicherry - 605001, Bussy st mission st corner"
All Smiles Dental House,5.0,Excellent,Dentist,"  no.616, vazhuthavur road, Dharumapuri, Pondicherry - 605009, Near Dharmapuri Bus Stop"
P T Smile Gallery Dental Ca..,4.8,Excellent,Dentist,"  No.36, ECR Road, Auroville, Pondicherry - 605101, Next to Orient Flight School"
Rams Dental Hospital,4.8,Excellent,Dentist,"  No 246, 1St Floor, Cuddalore Main Road, Mudaliarpet, Pondicherry - 605004, Near Government Middle School"
Dr Abis Dental Care,5.0,Excellent,Dentist,"  2nd Cross ,Sithanandha Nagar, Ellaipillaichavady, Pondicherry - 605005"
Jipmer Hospital,4.3,Excellent,Dentist,"  Dhanvantri Nagar, Pondicherry - 605006, Gorimedu"
Aum Hospitals,4.3,Excellent,Dentist,"  No 1, Cholai Nagar Main Road, Muthialpet, Pondicherry - 605003, Sapthagiri Garden Opposite Chinaathal School"
New Medical Centre,4.1,Excellent,Dentist,"  No 159 &161, Bussy Street, Pondicherry - 605001, Near Chinna Manikoondu"
Vasan Dental Care,4.1,Excellent,Dentist,"  Raman Tower, Ecr Main Road, Pondicherry - 605001, Near Rajiv Gandhi Square"
Apollo Hospital Information..,4.1,Excellent,Dentist,"  No 79, valudhavur main road, Nellithope, Pondicherry - 605009, Near By Employment office"
Pondicherry Institute Of Me..,4.0,Very good,Dentist,"  Pondicherry University, Pondicherry - 605014, Ganapathichettikulam Kalathumettupathai Kalapet"
Rani Hospital,4.0,Very good,Dentist,"  No 27, Vazhudhavur Road, Thattanchavadi, Pondicherry - 605009, Near Rajiv Gandhi Statue"
A G Padmavathi Hospital Pvt..,3.9,Very good,Dentist,"  No R S 127/ 1 A, Villiayanoor Main Road, Pondicherry - 605001, Arumparthapuram"
Government General Hospital,3.9,Very good,Dentist,"  Ambour Salai, Pondicherry - 605001"
Apollo White Dental Clinic,3.9,Very good,Dentist,"  Door No 268 & 270, Kamaraj Salai, Saram, Pondicherry - 605013, Opposite To Naturals & Hot Bread,Near Old Collectore Office"
Sri Venkateshwara Hospital,3.8,Very good,Dentist,"  No 13 A, Pondy Villupuram Main Road, Ariyur, Pondicherry - 605003, Ariyur 605102 villupuram"
Dr. Gunalan a,4.8,Excellent,Dentist,"  No 94, Lal Bahadhur Street, Pondicherry - 605001, chinakadai market near"
SUBHA Dental CARE (orthodo..,4.8,Excellent,Dentist,"  No:20, 100 Feet Road, Ellaipillaichavady, Pondicherry - 605005, Opposite to NT Mahal"
Purple Dent Care,4.8,Excellent,Dentist,"  No.2, ECR Main Road, Chinnamudaliyar chavadi, Kottakuppam, Pondicherry - 605104, Near Kottakuppam Roundana"
Subha Dental Cosmetic Ortho..,4.8,Excellent,Dentist,"  Old No. 19, New No. 20, 100 Feet Road, Ellaipillaichavady, Pondicherry - 605005"
Dr. Vinoth Kumar (all Smile..,5.0,Excellent,Dentist,"  No.616, Vazhuthavur Road, Dharumapuri, Pondicherry - 605009, Near Shri Ram Mandapam"
Dr. Usha Karthikeyan,3.5,Very good,Dentist,"  No 73, Kamatchi Amman Koil Street, Pondicherry - 605001"
Karewell Dentaire,4.7,Excellent,Dentist,"  10, Rue Du Bazar Saint Laurent, White Town, Pondicherry - 605001, Near Ajantha Sea View Hotel"
S.S Dental Clinic & Implant..,4.8,Excellent,Dentist,"  No.180, Cuddalore Main Road, Thavalakuppam, Pondicherry - 605007, Opposite To SRM Homeappliances"
A K Dental Clinic,4.7,Excellent,Dentist,"  No 14, Villiyanur Main Road, Nellithope, Pondicherry - 605005, Pavazha Nagar"
Ragavan Oral Clinic,4.9,Excellent,Dentist,"  No 50, Canteen Street, Pondicherry - 605001, Kosakadai Street Junction"
Dr. Balaji (Vijaya Dental H..,1.0,Very Poor,Dentist,"  #267, Vazhudavoor Road.Land Mark: Near Dental College, Kathirkamam, Pondicherry - 605009"
Comfort Dental Care,4.7,Excellent,Dentist,"  No 62, Villianur Main Road, Reddiar Palayam, Pondicherry - 605010, Mulakulam Near Srinivas Towers & Opp To Mulakulam Bus Stop"
Chitralaya Dental Clinic,4.0,Very good,Dentist,"  No 139, Bussy Street, Puducherry H O, Pondicherry - 605001, Near Chinna Manikoondu"
Gvan Clinic,5.0,Excellent,Dentist,"  No 308, vazthavoor Road, Kathirkamam, Pondicherry - 605009, Near Indra Gandhi hospital"
Future Dental Art,5.0,Excellent,Dentist,"  No 59, Kondareddiyar Street, Reddiar Palayam, Pondicherry - 605010"
Gnanam Medical & Clinic,5.0,Excellent,Dentist,"  No:49, Villainur Main Road, Pavazha Nagar, Nellithope, Pondicherry - 605005, Opp to Ezhainagathamman Kovil"
VI Kare Dental Clinic,2.0,Poor,Dentist,"  No 42, Lawspet Main Road, Lawspet, Pondicherry - 605008, Pakkamudianpet"
Ever Smiles Dental Clinic,5.0,Excellent,Dentist,"  No 95, Lenin Street, Kosapalayam, Pondicherry - 605013, Opposite Krishna Nursing Home"
Limra Dental Care,5.0,Excellent,Dentist,"  New Saram, Naveena Garden, Puducherry, Saram, Pondicherry - 605013"
Dr. Baskar k,3.5,Very good,Dentist,"  No 63 1st Floor, Mariamman Koil Street, Lawspet, Pondicherry - 605008, Kottupalayam"
Lakshmi Dental Health Care,2.3,Good,Dentist,"  No.1, Tagore Nagar, Lawspet Pondicherry, Pondicherry - 605008"
Visalakshmi Dental Health &..,3.5,Very good,Dentist,"  No 2/2, Vallalar Salai 45 Feet Road, Venkata Nagar, Pondicherry - 605011"
Dr. Arun Kumar,5.0,Excellent,Dentist,"  C/O , Vasan Dental Care, Raman Tower, Ecr Main Road, Pondicherry - 605001, Near Rajiv Gandhi Sqaure"
Sarovar Mouth Care Centre,4.7,Excellent,Dentist,"  No.250, Bussy Street, Pondicherry - 605001, Nr kamban kalai aranagam"
Outtamane Dental Clinic,4.5,Excellent,Dentist,"  #40, Badar Sahib Street, Pondicherry - 605001, Near Old Bus Stand"
Shifaya Multispeciality Den..,5.0,Excellent,Dentist,"  Rain Hospital,#70, Pettalyanchatiram, Vazhudavur Main Road, Pondicherry - 605004"
Dr. Suresh Babu (Ksb Dental..,5.0,Excellent,Dentist,"  C/o Ksb Dental Clinic,49, Rodiar Mill Street, Mudaliarpet, Pondicherry - 605004"
Dr. Ramesh Babu K,2.5,Good,Dentist,"  No 42 Vilvam Speciality Clinic, Easwaran Koil Street, Pondicherry - 605001, Mission Street Cutting"
Dent O Zone Dental Clinic,5.0,Excellent,Dentist,"  38, Shankardass Street, Pondicherry - 605001, Backside to Max Showroom"
Dentale Multispeciality Den..,4.5,Excellent,Dentist,"  Villiyanur main road, Sulthanpet, Villianur, Pondicherry - 605110, Next to SLS Furnitures"
M S Dental Care Clinic,4.5,Excellent,Dentist,"  No 211, M G Road, Muthialpet, Pondicherry - 605003"
Dr. K Kusheed Banu (banu De..,1.0,Very Poor,Dentist,"  C/o Banu Dental Clinic,No. 23/4, East Car Street, Villianur, Pondicherry - 605110"
Dr. Sankar K,4.5,Excellent,Dentist,"  No 209-A, Nethaji Road, Cuddalore HO, PONDICHERRY - 607001"
Smile Dental Clinic,3.3,Very good,Dentist,"  No 126/4, Perumal Koil Street, Puducherry H O, Pondicherry - 605001, Bharathy Street Junction"
Dr. Pranavadhyani g,3.4,Very good,Dentist,"  No 50 Ragavan Oral Clinic, Canteen Street, Pondicherry - 605001, Opposite ELLE Boutique"
Dr. Sathianarayanan C (Cert..,5.0,Excellent,Dentist,"  No 180 & 181 Certh India Hospital, Gingee Salai, Colas Nagar, Pondicherry - 605001, Behind Indira Gandhi Stadium, Dubrayapet"
Agar Clinic,3.0,Good,Dentist,"  No 43, Bussy Street, Puducherry H O, Pondicherry - 605001, Bouleward"
Dr. Thangavelu a,5.0,Excellent,Dentist,"  No 100, Easwaran Koil Street 45th Chetty Street, Pondicherry - 605001, Anna Salai"
Dr. Shakila R (Ragavan Oral..,5.0,Excellent,Dentist,"  C/o Ragavan Oral Clinic No 50, Canteen Street, Pondicherry - 605001, Near Kosakadai Street Corner Building"
SRM Dental Hospital,4.0,Very good,Dentist,"  Vazhudhavur Road, V.v.p. Nagar, Thattanchavadi, Pondicherry - 605009, Near To Krishna Hot Chips"
Dr. Vishnu Prasad T L,4.1,Excellent,Dentist,"  No 42, Lawspet Main Road, Lawspet Pondicherry, Pondicherry - 605008, Pakkamudianpet"
Deepan Dental Clinic,4.0,Very good,Dentist,"  No 1 A Block, Puducherry H O, Pondicherry - 605001"
Dr. Rajagopal V,4.1,Excellent,Dentist,"  No 150, Cuddalore Road, Mudaliarpet, Pondicherry - 605004"
DR. SMILEZ ADVANCED DENTAL ..,3.5,Very good,Dentist,"  No.2, Jawaharlal Nehru, White Town, Pondicherry - 605001, Opp. Raj Niwas(Lt. Governor's House)"
Dr. Shymala,4.0,Very good,Dentist,"  C-2 Pondicherry Co-Op Sugar Mill Quarters, Katterikuppam, Pondicherry - 605502"
Bright Smiles Dental Care,4.1,Excellent,Dentist,"  No 69/125A, M G Road, Kottakuppam, Pondicherry - 605104, Near Post Office"
Vijaya Dental Health Cure,5.0,Excellent,Dentist,"  No:267, Vazhudavour Road, Kathirkamam, Pondicherry - 605009, Near Indhira Gandhi Arts College"
Dr. Siva Prasad D (Vijaya D..,4.0,Very good,Dentist,"  C/O Vijaya Dental Health Cure,No:267, Vazhudavour Road, Kathirkamam, Pondicherry - 605009, indhragandhi arts collage"
Dr. Sivaprasad.D (Vijaya De..,4.1,Excellent,Dentist,"  #267, Vazhudavoor Road.Land Mark: Near Dental College, Kathirkamam, Pondicherry - 605009"
Dr. Varsha Murthy (Vijaya D..,4.0,Very good,Dentist,"  #267, Vazhudavoor Road.Land Mark: Near Dental College, Kathirkamam, Pondicherry - 605009"
"Dr. Soorya.K,V (Vijaya Dent..",4.1,Excellent,Dentist,"  #267, Vazhudavoor Road.Land Mark: Near Dental College, Kathirkamam, Pondicherry - 605009"
Dr. Selvaganapathy J,4.0,Very good,Dentist,"  No:11 Pavender Street, Gandhi Nagar, Pondicherry - 605009"
Dr. Yuvaraj. V (Vijaya Dent..,4.1,Excellent,Dentist,"  No:267, Vazhudavour Road, Kathirkamam, Pondicherry - 605009, Near Indhira Gandhi Arts College"
Gvan Dental Clinic,4.0,Very good,Dentist,"  #353, Sookanathanpet, Mottoupalayam, Vazhudavur Road, Pondicherry - 605009, Near Tamizh Thirumana Maaligai"
Dental Clinic,4.1,Excellent,Dentist,"  No. 33, Kathirkamam, Vazhudavur Road, Kathirkamam, Pondicherry - 605009, Near Arrack Shop"
Shifaya Dental Care,4.0,Very good,Dentist,"  Vedapureeswarar Varadaraja Perumal Nagar, Puducherry, Vazhudavoor Road, Pondicherry - 605009"
Dr. Gnanasundari m,4.1,Excellent,Dentist,"  No 140, Main Road, Lawspet, Pondicherry - 605008"
Smile Studio,4.0,Very good,Dentist,"  G1 Lotus Grace, Saradhambal Nagar, Ellaipillaichavady, Pondicherry - 605005, Near Social Welfare Department"
Gem Dental Care,4.1,Excellent,Dentist,"  #363/437, Ramany Complex, Muthirarpalayam, Vazhuthavur Road, Pondicherry - 605009"
SRM Dental Clinic,4.0,Very good,Dentist,"  #24, Villanur Main Road, Ellaipillaichavady, Pondicherry - 605005, Near Vivekananda Nagar"
Sri Balaji Dental Clinic,4.1,Excellent,Dentist,"  Ulavarkarai,#156, Ulavarkarai Friends Nagar, Villianur Main Road, Pondicherry - 605010"
Srm Dental Clinic,4.0,Very good,Dentist,"  24, Villinur Main Road, Ellaipillaichavady, Pondicherry - 605005, Near Ig Statue"
Jai Sarguru Dental Clinic,4.1,Excellent,Dentist,"  No 6 2nd Cross, Jawahar Nagar, Kavery Nagar, Reddiar Palayam, Pondicherry - 605005"
JAI Sarguru Dental Clinic,3.3,Very good,Dentist,"  No 87 P-34 Natrajan Complex, Villianur Main Road, Reddiar Palayam, Pondicherry - 605010, Azeez Nagar"
Vikare Dental Clinic,4.0,Very good,Dentist,"  42, Lawspet Main Road, Pakkamudayanpet, Puducherry, Saram, Pondicherry - 605013, Near Rajiv Gandhi Statue"
Easwari Dental Care Centre,4.1,Excellent,Dentist,"  #34, Bajanaimadan Street, Vennila Nagar, Pondicherry - 605013"
Dee Jay Dental Care Center,4.0,Very good,Dentist,"  Permul Raja Garden, Villiayanur Main Road, #10, Reddiar Palayam, Pondicherry - 605004"
R.k.dental Clinic,4.1,Excellent,Dentist,"  No.548, Vazhudavur Road, Muthirayarpalayam, Pondicherry - 605009, Near Sakthi Medicals"
Subi Dental Clinic,4.0,Very good,Dentist,"  Villianur Main Road, Moolakulam, Pondicherry - 605010, Next To Reliance Fresh"
Dr. M Senthil (Comfort Dent..,4.1,Excellent,Dentist,"  No.62, Villianur Main Road, Mulakulam Near Srinivas Towers, Opp To Mulakulam Bus Stop, Reddiarpalaya, Reddiyarpalayam, Pondicherry - 605010"
Sri Saraswathi Dental Healt..,4.0,Very good,Dentist,"  Sir Vijaya Medicals,#352, Upstair, Villianur Road, Puducherry, Nellithope, Pondicherry - 605005"
Tru Dent,4.1,Excellent,Dentist,"  No 142, ECR main road, Lawspet, Pondicherry - 605008, Opposite to happy mother granite"
Sri Padmavathy Thayar Denta..,4.0,Very good,Dentist,"  No 51, Thiruvalluvar Salai, Saram, Pondicherry - 605013, Near Nellithope Signal"
Dr. Thomas Edvin Raj B (ann..,4.0,Very good,Dentist,"  C/o Annai Dental Clinic,No 63, East Street, Saram, Pondicherry - 605013"
Vishnu Dhanvanthri Dental C..,4.1,Excellent,Dentist,"  #240, Lenin, Kodapalayam, Puducherry, Street, Pondicherry - 605013, Opposite To Monimegalai School"
G.s. Dental Care,4.0,Very good,Dentist,"  No. 389 Kamaraj Salai, Naveena Garden, Brindavan Colony, Pondicherry - 605013"
Dr. Mullaivizi Manoharan,4.1,Excellent,Dentist,"  59-A Mettu Street Kurusukuppam, Kurumbapet, Pondicherry - 605009"
Apollo Hospital Information..,4.1,Excellent,Cosmetologist,"  No 79, valudhavur main road, Nellithope, Pondicherry - 605009, Near By Employment office"
Manobalan Skin Care Clinic,5.0,Excellent,Cosmetologist,"  No. 43, 1 St Floor,, Injanji Mesthri Street, Pondicherry - 605003, Back Side to Rosma Marriage Hall"
Dr. Mohan Kumar s,4.4,Excellent,Cosmetologist,"  No 15 Mohan Clinic, 2nd Cross Street, Nellithope, Pondicherry - 605005, Nadesan Nagar West"
Dr. Balaji B Makkena (East ..,4.5,Excellent,Cosmetologist,"  C/O East Coast Hospitals No 1, Moolakulam, Pondicherry - 605010, Near Vasantha Raja Theatre, Paris Nagar"
L K Nursing Home,4.3,Excellent,Paediatricians,"  No 370, 2nd Main Road Mahaveer Nagar, Lawspet, Pondicherry - 605008, Near Lawspet Police Station"
Sri Venkateshwaraa Medical ..,4.1,Excellent,Paediatricians,"  13 A, Pondicherry Villupuram Main Road Ariyur, Pondicherry - 605001, Ariyur"
Aayush Health Care Centre,4.4,Excellent,Paediatricians,"  No 60, Perumalnaidu Street, Muthialpet, Pondicherry - 605003, Near Muthialpet Market Bus Stop"
Dr. Narendra Agarawal,5.0,Excellent,Paediatricians,"  122, west car street, Villianur, Pondicherry - 605110, opposite to icici atm"
Dr. Batras Healthcare Clini..,4.0,Excellent,Paediatricians,"  No- 1, Sakthi Tower First Floor, Villianur Road, Villianur, Pondicherry - 605110, Opposite Vasan Eye Care Hospital, Near Indira Gandhi Statue Circle"
Viroga Ayurvedic Clinic And..,4.9,Excellent,Paediatricians,"  No 11 5th cross, Gnanaprakashan Nagar, Lawspet, Pondicherry - 605008, Opposite Filo Hotel"
Puduvai Life Line Hospital,4.4,Excellent,Paediatricians,"  No 36 A, Airport Main Road, Lawspet, Pondicherry - 605008"
Jipmer Hospital,4.3,Excellent,Paediatricians,"  Dhanvantri Nagar, Pondicherry - 605006, Gorimedu"
Aum Hospitals,4.3,Excellent,Paediatricians,"  No 1, Cholai Nagar Main Road, Muthialpet, Pondicherry - 605003, Sapthagiri Garden Opposite Chinaathal School"
St Joseph Cluny Hospital,4.1,Excellent,Paediatricians,"  No 16, Roam Rolland Street, Pondicherry - 605001"
Ashwini Maternity Hospital,4.1,Excellent,Paediatricians,"  No 90, Vazhudavur Main Road, Thattanchavadi, Pondicherry - 605009, Vvp Nagar"
Apollo Hospital Information..,4.1,Excellent,Paediatricians,"  No 79, valudhavur main road, Nellithope, Pondicherry - 605009, Near By Employment office"
Pondicherry Institute Of Me..,4.0,Very good,Paediatricians,"  Pondicherry University, Pondicherry - 605014, Ganapathichettikulam Kalathumettupathai Kalapet"
Rani Hospital,4.0,Very good,Paediatricians,"  No 27, Vazhudhavur Road, Thattanchavadi, Pondicherry - 605009, Near Rajiv Gandhi Statue"
Be Well Hospitals,3.7,Very good,Paediatricians,"  No 15, East Coast Road, Lawspet Pondicherry, Pondicherry - 605008, Green Gardens"
Dr. Ayyappan K,4.4,Excellent,Paediatricians,"  No 211, Bussy Street, Pondicherry - 605001"
Sri Venkateshwara Hospital,3.8,Very good,Paediatricians,"  No 13 A, Pondy Villupuram Main Road, Ariyur, Pondicherry - 605003, Ariyur 605102 villupuram"
Dr. Uma Maheshwari S,4.8,Excellent,Paediatricians,"  No 2/A, New Street, Puthupet, Rajaji Nagar, Lawspet Pondicherry, Pondicherry - 605008"
Dr. Dhandapani N L,4.2,Excellent,Paediatricians,"  No 44, Mettu Street, Kosapalayam, Pondicherry - 605013"
Viji Clinic,4.4,Excellent,Paediatricians,"  No 288, Kamaraj Salai, Saram, Pondicherry - 605013, Opposite Shanmuga Thirumana Mandapam & Near Rajiv Gandhi Statue"
Dr. Murali r,4.2,Excellent,Paediatricians,"  No 77, Ambedkar Salai, Nellithope, Pondicherry - 605005"
Dr. Arnabdey,4.7,Excellent,Paediatricians,"  No 315, Mission Street, Puducherry H O, Pondicherry - 605001"
Dr. Augustine Paul R m,5.0,Excellent,Paediatricians,"  No 19, Villianur Road, Nellithope, Pondicherry - 605005, Victoria Nagar Opposite Aryas Hotel & Near Casino Bakery"
Chithra Medical Group,4.2,Excellent,Paediatricians,"  No.75, Third Cross, Paris Nagar, pondicherry 605010, Moolakulam, Pondicherry - 605010, Near East Coast Hospital"
Dr. Namachivayam V,4.8,Excellent,Paediatricians,"  No 14-A, Bashiam Reddy Street, Cuddalore HO, PONDICHERRY - 607001"
Senthil Womens & Child Hosp..,5.0,Excellent,Paediatricians,"  No 9 & 10, Thillai Maistry Street, Pondicherry - 605001, Near M G Road"
Dr. Nellian A R,3.4,Very good,Paediatricians,"  No 2, Police Street, Mudaliarpet, Pondicherry - 605004"
Pondicherry Speciality Cent..,4.0,Very good,Paediatricians,"  No 4, 4th Cross, Anna Nagar, Pondicherry - 605005, Near Housing Board Office"
Dr. Nalini (Pondicherry Spe..,5.0,Excellent,Paediatricians,"  C/O Pondicherry Speciality Centre No 4, 4th Cross, Anna Nagar, Pondicherry - 605005, Near Housing Board Office"
Mangai Medical Centre,5.0,Excellent,Paediatricians,"  No. 7, Pondy Main Roadd, Koot Road, Pondicherry - 605111, Mangai Medical"
Dr. Narayanan m,5.0,Excellent,Paediatricians,"  No 169-B, Nethaji Road, Cuddalore HO, PONDICHERRY - 607001"
Dr. Karunanidhi m,4.1,Excellent,Paediatricians,"  No 288 C/O Viji Clinic, Kamaraj Salai, Saram, Pondicherry - 605013, Opposite Shanmuga Thirumana Mandapam & Near Rajiv Gandhi Statue"
Dr. Prabha Ravishankar r,4.1,Excellent,Paediatricians,"  No 137, villiyanor main road,reddiyar palaiyam, Reddiar Palayam, Pondicherry - 605010, kamban nagar bus stop"
Dr. Edith B Jasmin,4.0,Very good,Paediatricians,"  No 487, M G Road, Puducherry H O, Pondicherry - 605001"
Dr. Devadas a,4.0,Very good,Paediatricians,"  No 105, 6th Main Street, Mudaliarpet, Pondicherry - 605004, Bharathidasan Nagar"
Dr. Janaki k,3.7,Very good,Paediatricians,"  No 34 Sowbagya Apartments, Vallalar Salai, Pondicherry - 605001"
Dr. Nalini,4.4,Excellent,Paediatricians,"  No 20 & 21, 2nd cross, Pondicherry Bazaar, Pondicherry - 605001, Anna Nagar Opposite Housing Board"
Dr. Mina Shah,3.8,Very good,Paediatricians,"  No 37, Manakula Vinayaka Street, Pondicherry - 605001, Near Ashram & Vinayagar Kovil"
Lakshmi Clinic,4.8,Excellent,Paediatricians,"  No 200, Chetty Street, Puducherry H O, Pondicherry - 605001, Anna Salai"
Dr. Duraiswamy,4.2,Excellent,Paediatricians,"  No 69, Aurobindo Street, Pondicherry - 605003, calve college opp"
Dr. Balachandran C s,4.4,Excellent,Paediatricians,"  No 33, North Car Street, Chidambaram H O, PONDICHERRY - 608001"
SAI Sandhya Clinic,4.2,Excellent,Paediatricians,"  No 243, Vazhudavur Road, Thattanchavadi, Pondicherry - 605009, Kathirkamam"
Dr. Anand M (Anand Clinic) ..,4.7,Excellent,Paediatricians,"  Anand Clinic No 175, Lenin Street, Kosapalayam, Pondicherry - 605013"
Dr. Ravi Kannan (East Coast..,5.0,Excellent,Paediatricians,"  No 90, Thiruvalluvar Salai, Saram, Pondicherry - 605013, Near Naveena Theatre GardenPillai Thottam"
Dr. Sathya Veni (East Coast..,4.2,Excellent,Paediatricians,"  No 90, Thiruvalluvar Salai, Saram, Pondicherry - 605013, Near Naveena Theatre GardenPillai Thottam"
Dr. Sathyaveni Murugesan (E..,4.8,Excellent,Paediatricians,"  C/O East Coast Hospitals No 1, Moolakulam, Pondicherry - 605010, Near Vasantha Raja Theatre, Paris Nagar"
Dr. Ravi Kannah (East Coast..,5.0,Excellent,Paediatricians,"  C/O East Coast Hospitals No 1, Perambai Road, Moolakulam, Pondicherry - 605010, Near Vasantha Raja Theatre, Paris Nagar"
Dr. Chandrakumar Shah (East..,3.4,Very good,Paediatricians,"  C/O East Coast Hospitals No 1, Perambai Road, Moolakulam, Pondicherry - 605010, Near Vasantharaja Cinema Hall, Paris Nagar"
Dr. N.Dinesh Kumar (Kumaran..,4.0,Very good,Paediatricians,"  #215, Ok Palayam, Mudaliarpet, Mudaliarpet, Pondicherry - 605004, Buvancare Street"
Dr. Anand M (Anand Clinic) ..,5.0,Excellent,Paediatricians,"  Anand Clinic No 70, Lawspet Main Road, Lawspet, Pondicherry - 605008"
Adisha Clinic,5.0,Excellent,Paediatricians,"  No 101, Yannai Venkatachalam Street, Puducherry H O, Pondicherry - 605001"
Dr. Anand Arokiaraj (l K Nu..,5.0,Excellent,Paediatricians,"  Mahaveer Nagar, Lawspet, Pondicherry - 605008, Near Lawspet Police Station"
Dr. Chidambaram (New Medica..,5.0,Excellent,Paediatricians,"  C/O New Medical Centre No 470, M G Road, Pondicherry - 605001"
Sathya SAI Surgical Clinic,3.4,Very good,Paediatricians,"  No 211, Bussy Street, Puducherry H O, Pondicherry - 605001"
Dr. Krishnamurthy P S,4.0,Very good,Paediatricians,"  No 217, Nethaji Road, Manjakuppam, PONDICHERRY - 605001"
Dr. Vijaya Balagandan,5.0,Excellent,Paediatricians,"  No 324, M G Road, Pondicherry - 605001, Opposite Petit Seminar School"
Iyyapan Surgeon,5.0,Excellent,Paediatricians,  Pondicherry - 605001
Dr. Thiroumourougane Serane..,5.0,Excellent,Paediatricians,"  C/O A G Padmavathi Hospital R S 127/ 1 A, Villiayanoor Main Road, Arumparthapuram, Pondicherry - 605110"
Dr. Gowthaman m,5.0,Excellent,Paediatricians,"  No 37, Bashayam Street, Cuddalore Ho, PONDICHERRY - 607001"
Dr. Rajakumar P g,5.0,Excellent,Paediatricians,"  No 42, Nethaji Road, Cuddalore Ho, PONDICHERRY - 607001"
A G Dental Clinic,4.6,Excellent,Paedodontist Doctors,"  Sethu Nursing Home, No. 130, 1 Street Floor, Perumal Kovil Street, Pondicherry - 605001, Near Anandha Inn"
Le Dental Implant Centre,4.9,Excellent,Paedodontist Doctors,"  No 18, Vallalar High Road, Venkata Nagar, Pondicherry - 605011, Vankata Nagar Extension"
SSV Smile Kare,5.0,Excellent,Paedodontist Doctors,"  74, Bhraminal Street, Mudaliarpet, Pondicherry - 605004, Near Puthupillayar Temple"
Ever Smiles,4.9,Excellent,Paedodontist Doctors,"  No, 95, Lenin street, Saram, Pondicherry - 605013, Opp To Krishna Nursing Home"
Ever Smiles,4.9,Excellent,Paedodontist Doctors,"  No.95, LENIN STREET, kuyavarpalayam, Saram, Pondicherry - 605013, OPP. TO KRISHNA NURSING HOME"
Shakshi Dental Care,5.0,Excellent,Paedodontist Doctors,"  No 166, Lenin Street, Kuyavarpalayam, Pondicherry - 605005, Near Best Needs And Adjacent To Vaniga Vaishya Sri Harihara Bajanai Madam"
Annai Dental Clinic,4.6,Excellent,Paedodontist Doctors,"  No. 59/A,, East Street, Saram, Pondicherry - 605013, Kamaraj Salai & Lenin Street Junction"
Dr. Dentsmile Clinic,4.8,Excellent,Paedodontist Doctors,"  80, Bussy st white town global hospital information centre branch st Joseph's hospital cluny romain rol, Bussy Street, Pondicherry - 605001, Bussy st mission st corner"
P T Smile Gallery Dental Ca..,4.8,Excellent,Paedodontist Doctors,"  No.36, ECR Road, Auroville, Pondicherry - 605101, Next to Orient Flight School"
SUBHA Dental CARE (orthodo..,4.8,Excellent,Paedodontist Doctors,"  No:20, 100 Feet Road, Ellaipillaichavady, Pondicherry - 605005, Opposite to NT Mahal"
Purple Dent Care,4.8,Excellent,Paedodontist Doctors,"  No.2, ECR Main Road, Chinnamudaliyar chavadi, Kottakuppam, Pondicherry - 605104, Near Kottakuppam Roundana"
Sri Padmavathy Thayar Denta..,4.0,Very good,Paedodontist Doctors,"  No 51, Thiruvalluvar Salai, Saram, Pondicherry - 605013, Near Nellithope Signal"
Giggles Dental Care,4.1,Excellent,Paedodontist Doctors,"  144 Bharathiyar Street, Bharathiyar Street, Lawspet Pondicherry, Pondicherry - 605008, Opp to Pondy Surgery"
Smilekraft Dentaire,4.2,Excellent,Paedodontist Doctors,"  No.136, GK complex, bussey street, Bussy Street, Pondicherry - 605001, opposite chinna mani kundu"
Lebraces Dental Hospital,4.3,Excellent,Paedodontist Doctors,"  No 26, 14th Cross Street, Pondicherry - 605001, Opp to Rajiv Gandhi Hospital"
Dr. R Mohammed Assif,4.4,Excellent,Paedodontist Doctors,"  15, Main Road,, Nellikuppam, Cuddalore - 607105 (Also serves PONDICHERRY)"
Dr. Shanmuga Kani a,4.5,Excellent,Paedodontist Doctors,"  No 7, Main Road, Nellikuppam, Cuddalore - 607105 (Also serves PONDICHERRY)"
Le Pearl Dental Clinic,5.0,Excellent,Paedodontist Doctors,"  No 28 Priyanka Complex, Kumbakonam Main Road Indra Nagar, Neyveli 1, Neyveli - 607801, Opp To Kanniga Parameswari Garments (Also serves PONDICHERRY)"
First Step Home Healthcare,4.9,Excellent,Paediatric Physiotherapist ,"  No 169 DSundararaju Chettiar Complex, Cuddalore Road, Mudaliarpet, Pondicherry - 605004, Opposite to Ganesh Restaurant"
TONES & BONES MULTI Special..,5.0,Excellent,Paediatric Physiotherapist ,"  No 28, Bharathi Mill Road, Mudaliarpet, Mudaliarpet, Pondicherry - 605004"
Anandha Physiotherapy,5.0,Excellent,Paediatric Physiotherapist ,"  No. 24, 100 Feet Road, Nadesan Nagar, Nellithope, Pondicherry - 605005, Near IG Square"
Active Life,4.9,Excellent,Paediatric Physiotherapist ,"  No.16, 15 th Cross, 0, Lawspet Pondicherry, Pondicherry - 605008, Near Thillai Appartments"
Sri Juna Physio Cure,5.0,Excellent,Paediatric Physiotherapist ,"  No-111, Laspat Main Road, Lawspet Pondicherry, Pondicherry - 605008, Selva Vinayagar Koil"
Sara Physiotherapy Clinic,5.0,Excellent,Paediatric Physiotherapist ,"  5, 3rd main road, kumaran nagar, lawspet, Lawspet, Pondicherry - 605008, near navalar auto sand"
Sri Venkateshwaraa Medical ..,4.1,Excellent,Paediatric Cardiologist,"  13 A, Pondicherry Villupuram Main Road Ariyur, Pondicherry - 605001, Ariyur"
Apollo Hospital Information..,3.5,Very good,Paediatric Cardiologist,"  No.60, 100 Feet Road, Ellaipillaichavady, Pondicherry - 605005, Opp to N.T Mahal"
Manimaranes Clinic,5.0,Excellent,Paediatric Cardiologist,"  No 29 4th Cross, Anandha Rangapillai Nagar, Lawspet, Pondicherry - 605008, Near to alpha residency"
Dr S Anandaraja,0.5,Very Poor,Paediatric Cardiologist,"  No 297, Mahatma Gandhi Road, Muthialpet, Pondicherry - 605003"
Neomed Hospital(Dr Sivabala..,0.5,Very Poor,Paediatric Cardiologist,"  no 58b bharathi street thiruvalluvar nagar, Bharathi Street-venkata Nagar, Pondicherry - 605003"
U S Heart Care,0.6,Very Poor,Paediatric Cardiologist,"  No 297, Mahatma Gandhi Road, Muthialpet, Pondicherry - 605003"
Tresor Nursing Home,4.2,Excellent,Pathologists,"  No 9, St Louis Street, Pondicherry - 605001"
Dr. Nirodh Pal Choudary,4.2,Excellent,Pathologists,"  No 6 Tresor Nursing Home, St Louis Street, Pondicherry - 605001"
Dr. Veena K S ,0,Very Poor,Paediatric Orthopaedic,"  C/O Aravind Eye Hospitals No C 33, Cuddalore Main Road, Thavalakuppam, Pondicherry - 605007"
Dr. Marie Fredrick ,0,Very Poor,Paediatric Orthopaedic,"  C/O Aravind Eye Hospital, Cuddalore Main Road, Thavalakuppam, Pondicherry - 605007"
Dr. Anjali Khadia ,0,Very Poor,Paediatric Orthopaedic,"  C/O Aravind Eye Hospital, Cuddalore Main Road, Thavalakuppam, Pondicherry - 605007"
Simha Hearing Aids And Spee..,4.6,Excellent,Paediatric ENT Doctors,"  No 352 Vijaya Complex 1st Floor, Villianur Main Road, Nellithope, Pondicherry - 605005, Opposite Fish Market"
United Care Hearing Aids & ..,4.8,Excellent,Paediatric ENT Doctors,"  No 48, Badar Saib Street, Pondicherry Bazaar, Pondicherry - 605001, Behind Old Bus Stand"
Decibel Audiology Centre He..,4.7,Excellent,Paediatric ENT Doctors,"  No 216, Bussy Street, Bussy Street, Pondicherry - 605001, Opposite Anjappar Hotel"
Dr. Kulandaivelu S,4.6,Excellent,Paediatric ENT Doctors,"  No 6, 45 Feet Road, Venkata Nagar, Pondicherry - 605011, Rajarajeswari Nagar,Near French Corner Bakery,"
Dr. N D Rajan(simha Hearing..,4.7,Excellent,Paediatric ENT Doctors,"  No 352 Vijaya Complex 1st Floor, Villianur Main Road, Nellithope, Pondicherry - 605005, Opposite Fish Market"
Aum Speciality Clinics,4.8,Excellent,Paediatric ENT Doctors,"  No 2c, Jawaherlal Nehru Street, Pondicherry - 605001, Behind Raj Niwas"
Sri Shruthi Clinic,5.0,Excellent,Paediatric ENT Doctors,"  No.44, Kumara koil street, Old Town, Cuddalore - 607003, Near kumaran temple (Also serves PONDICHERRY)"
Thangam Cancer Centre,4.0,Very good,Orthodontist ,"  0, Karur - 639004, Near Namakkal"
Abishek Ortho Centre,4.0,Very good,Orthodontist ,"  5/300,Ashok Nagar, Covai Road Andan Koil East, Thanthonimalai, Karur - 639005, Behind Chakra Honda Showroom"
Avvai Homeopathy & Psycholo..,5.0,Excellent,Orthodontist ,"  No 32/9, North pradhakshnam road, Karur - 639001, Opposite Thinnappa Theatre"
Abishek Ortho Centre,4.7,Excellent,Orthodontist ,"  5/300, Ashok Nagar Covai Road Andan Koil East, Karur - 639001, Behind Chakra Honda Showroom"
Smile Avenue Dental Care,5.0,Excellent,Orthodontist ,"  Shop No: 67 Chellam Complex, Karur West, Karur - 639001, South Narasimapuram Near Meenashi Skin Hospital Opposite Jai Children Hospital"
ASSJ Chidambaram Dental Hos..,2.8,Good,Orthodontist ,"  No 2, Chairman Ramanujam Street, Karur - 639001, Opposite Kamatchi Amman Temple"
Dental Orthodontic & Implan..,2.4,Good,Orthodontist ,"  14-G, Pradhakshnam Road,, North Pradhakshnam Road,, Karur - 639001, thinnappa theatre near"
Simha Hearing Aids And Spee..,4.6,Excellent,Paediatric ENT Doctors,"  No 352 Vijaya Complex 1st Floor, Villianur Main Road, Nellithope, Pondicherry - 605005, Opposite Fish Market"
United Care Hearing Aids & ..,4.8,Excellent,Paediatric ENT Doctors,"  No 48, Badar Saib Street, Pondicherry Bazaar, Pondicherry - 605001, Behind Old Bus Stand"
Decibel Audiology Centre He..,4.7,Excellent,Paediatric ENT Doctors,"  No 216, Bussy Street, Bussy Street, Pondicherry - 605001, Opposite Anjappar Hotel"
Dr. Kulandaivelu S,4.6,Excellent,Paediatric ENT Doctors,"  No 6, 45 Feet Road, Venkata Nagar, Pondicherry - 605011, Rajarajeswari Nagar,Near French Corner Bakery,"
Dr. N D Rajan(simha Hearing..,4.8,Excellent,Paediatric ENT Doctors,"  No 352 Vijaya Complex 1st Floor, Villianur Main Road, Nellithope, Pondicherry - 605005, Opposite Fish Market"
Aum Speciality Clinics,4.7,Excellent,Paediatric ENT Doctors,"  No 2c, Jawaherlal Nehru Street, Pondicherry - 605001, Behind Raj Niwas"
Sri Shruthi Clinic,5.0,Excellent,Paediatric ENT Doctors,"  No.44, Kumara koil street, Old Town, Cuddalore - 607003, Near kumaran temple (Also serves PONDICHERRY)"
Simha Hearing Aids And Spee..,4.6,Excellent,Paediatric ENT Doctors,"  No 352 Vijaya Complex 1st Floor, Villianur Main Road, Nellithope, Pondicherry - 605005, Opposite Fish Market"
United Care Hearing Aids & ..,4.8,Excellent,Paediatric ENT Doctors,"  No 48, Badar Saib Street, Pondicherry Bazaar, Pondicherry - 605001, Behind Old Bus Stand"
Decibel Audiology Centre He..,4.7,Excellent,Paediatric ENT Doctors,"  No 216, Bussy Street, Bussy Street, Pondicherry - 605001, Opposite Anjappar Hotel"
Dr. Kulandaivelu S,4.6,Excellent,Paediatric ENT Doctors,"  No 6, 45 Feet Road, Venkata Nagar, Pondicherry - 605011, Rajarajeswari Nagar,Near French Corner Bakery,"
Dr. N D Rajan(simha Hearing..,4.8,Excellent,Paediatric ENT Doctors,"  No 352 Vijaya Complex 1st Floor, Villianur Main Road, Nellithope, Pondicherry - 605005, Opposite Fish Market"
Aum Speciality Clinics,4.7,Excellent,Paediatric ENT Doctors,"  No 2c, Jawaherlal Nehru Street, Pondicherry - 605001, Behind Raj Niwas"
Sri Shruthi Clinic,5.0,Excellent,Paediatric ENT Doctors,"  No.44, Kumara koil street, Old Town, Cuddalore - 607003, Near kumaran temple (Also serves PONDICHERRY)"
Thangam Cancer Centre,4.0,Excellent,Orthodontist ,"  0, Karur - 639004, Near Namakkal"
Abishek Ortho Centre,4.0,Excellent,Orthodontist ,"  5/300,Ashok Nagar, Covai Road Andan Koil East, Thanthonimalai, Karur - 639005, Behind Chakra Honda Showroom"
Avvai Homeopathy & Psycholo..,5.0,Excellent,Orthodontist ,"  No 32/9, North pradhakshnam road, Karur - 639001, Opposite Thinnappa Theatre"
Abishek Ortho Centre,4.7,Excellent,Orthodontist ,"  5/300, Ashok Nagar Covai Road Andan Koil East, Karur - 639001, Behind Chakra Honda Showroom"
Smile Avenue Dental Care,5.0,Excellent,Orthodontist ,"  Shop No: 67 Chellam Complex, Karur West, Karur - 639001, South Narasimapuram Near Meenashi Skin Hospital Opposite Jai Children Hospital"
ASSJ Chidambaram Dental Hos..,2.8,Very good,Orthodontist ,"  No 2, Chairman Ramanujam Street, Karur - 639001, Opposite Kamatchi Amman Temple"
Dental Orthodontic & Implan..,2.9,Very good,Orthodontist ,"  14-G, Pradhakshnam Road,, North Pradhakshnam Road,, Karur - 639001, thinnappa theatre near"
Thangam Cancer Centre,4.0,Very good,Orthodontist ,"  0, Karur - 639004, Near Namakkal"
Abishek Ortho Centre,4.0,Very good,Orthodontist ,"  5/300,Ashok Nagar, Covai Road Andan Koil East, Thanthonimalai, Karur - 639005, Behind Chakra Honda Showroom"
Avvai Homeopathy & Psycholo..,5.0,Excellent,Orthodontist ,"  No 32/9, North pradhakshnam road, Karur - 639001, Opposite Thinnappa Theatre"
Abishek Ortho Centre,4.7,Very good,Orthodontist ,"  5/300, Ashok Nagar Covai Road Andan Koil East, Karur - 639001, Behind Chakra Honda Showroom"
Smile Avenue Dental Care,5.0,Excellent,Orthodontist ,"  Shop No: 67 Chellam Complex, Karur West, Karur - 639001, South Narasimapuram Near Meenashi Skin Hospital Opposite Jai Children Hospital"
ASSJ Chidambaram Dental Hos..,2.8,Good,Orthodontist ,"  No 2, Chairman Ramanujam Street, Karur - 639001, Opposite Kamatchi Amman Temple"
Dental Orthodontic & Implan..,2.9,Good,Orthodontist ,"  14-G, Pradhakshnam Road,, North Pradhakshnam Road,, Karur - 639001, thinnappa theatre near"
Dr. Jp Vet Surgical Clinic,4.0,Very good,Veterinary Doctors,"  No. 167, Vysial Street, Pondicherry - 605001, Near Congress Office,Opposite Jothi Eye Hospital"
VSS Pet Clinic,2.8,Good,Veterinary Doctors,"  No.10, Balaji Nagar , villianur main road, Marie Oulgaret, Pondicherry - 605009"
PONDY PET Stores & PET CARE,4.9,Excellent,Veterinary Doctors,"  No. 56, Maraimalai Adigal Salai, Pondicherry - 605001, Near passport office"
Tamizh Medicals - Pet Care,4.9,Excellent,Veterinary Doctors,"  21/2, Balar palli street,, Pipdic Main Road, Mettupalayam, Pondicherry - 605009, Near Veterinary Hospital,mettupalayam"
Sathya Sai Veterinary Clini..,4.8,Excellent,Veterinary Doctors,"  317, Ground Floor, Mahathma Gandhi Road, Muthialpet, Pondicherry - 605003, Opposite to Kovai Pazhamudhir Nilayam"
Vige.dr,4.8,Excellent,Veterinary Doctors,"  No 12, 23rd Cross, Lawspet Pondicherry, Pondicherry - 605008, Near Cluney School, Avvai Nagar"
Veterinary Practitioners,4.9,Excellent,Veterinary Doctors,"  9th cross, teachers colony, Moolakulam, Pondicherry - 605010, near christ college"
Veterinary,4.1,Excellent,Veterinary Doctors,"  Muthialpet, Pondicherry - 605003"
Dietician Madhavi Kortis Di..,0,Very Poor,Nutritionist,"  C 42, Staff Quarters, Aravind Eye Hospital, Pondicherry, Puducherry, Pondicherry - 605001"
Vestige,0,Very Poor,Nutritionist,"  24, Puducherry, V O C Street, Pondicherry - 605001, Near Old Bus Stand"
Amway Abo Nutrilite & Artis..,0,Very Poor,Nutritionist,"  Kothari Nagar, Karaikal - 609605 (Also serves PONDICHERRY)"
Chaithanya Ayurveda & Siddh..,4.9,Excellent,Ayurvedic Doctors,"  No 96, S V Patel Salai, Pondicherry - 605001, Zamindhar Garden"
Dharmarajan Vaidya Salai,3.6,Very good,Ayurvedic Doctors,"  No 278-A, Maraimalai Adigal Salai, Kosapalayam, Pondicherry - 605013, Near New Bus Stop Near Nellithopu Signal"
Neomed Hospital(Dr Sivabala..,0.5,Very Poor,Ayurvedic Doctors,"  no 58b bharathi street thiruvalluvar nagar, Bharathi Street-venkata Nagar, Pondicherry - 605003"
Thirumoolar Siddha Vaithya ..,5.0,Excellent,Ayurvedic Doctors,"  No 3 F9, Thattanchavadi, Pondicherry - 605009, Vvp Nagar"
Sri Narayana Ayurvedic Clin..,5.0,Excellent,Ayurvedic Doctors,"  No 71, kosakadai Street, Puducherry H O, Pondicherry - 605001"
Dr. Joy Emanuel,5.0,Excellent,Ayurvedic Doctors,"  No 18 Chaithanya Ayurveda & Siddha Hospital, S V Patel Salai, Pondicherry - 605001, Zamindhar Garden"
Dr. Ramasamy (Dabur Ayurved..,5.0,Excellent,Ayurvedic Doctors,"  C/o Dabur Ayurvedic Centre,Door No 154/156 Shop No 5 & 6, Mission Street, Pondicherry - 605001"
Herbocare Hospital Pvt Ltd,4.3,Excellent,Ayurvedic Doctors,"  No 11, 1st Street, Pondicherry - 605001, Near Muruga Theatre Bus Stop & Old Collector Office, Gnanaprakasam Nagar"
Dr. Mn Muralidharan,4.4,Excellent,Ayurvedic Doctors,  Pondicherry - 605001
Sri Brammam Siddha Hospital..,5.0,Excellent,Ayurvedic Doctors,"  No 18, Vallinoor Salai, Nellithope, Pondicherry - 605005, Yelaipillaichavadi"
Aeon Ayush Clinic,4.5,Excellent,Ayurvedic Doctors,"  No.8, Ground Floor, Bajanaimadam Street, Ellaipillaichavady, Pondicherry - 605005, Near Indra Gandhi Signal"
Relax Kerala Ayurveda,4.3,Excellent,Ayurvedic Doctors,"  No 21, Aurobindo Street, Pondicherry - 605001, Besides Calve College"
Aayush Health Care Centre,4.4,Excellent,Ayurvedic Doctors,"  No 60, Perumalnaidu Street, Muthialpet, Pondicherry - 605003, Near Muthialpet Market Bus Stop"
Viroga Ayurvedic Clinic And..,4.9,Excellent,Ayurvedic Doctors,"  No 11 5th cross, Gnanaprakashan Nagar, Lawspet, Pondicherry - 605008, Opposite Filo Hotel"
Dr. Rajarathinam r,4.5,Excellent,Ayurvedic Doctors,"  Grr Complex, Maraimalai Adigal Salai, Pondicherry - 605001"
Dr. Dharmarajan N (dharmara..,4.3,Excellent,Ayurvedic Doctors,"  No 278-A, Maraimalai Adigal Salai, Kosapalayam, Pondicherry - 605013"
Kottakkal Arya Vaidya Salai,4.0,Very good,Ayurvedic Doctors,"  No 374-376, M G Road, Pondicherry - 605001, Near Petit Canal Street Cutting"
Santhigiri Ayurveda & Siddh..,4.1,Excellent,Ayurvedic Doctors,"  No 6 B Block Devi Appartments, S V Patel Salai, Pondicherry - 605001, near achiyar school"
Dr. Padmavathamma s,5.0,Excellent,Ayurvedic Doctors,"  No 41 Jyothi Ayurveda Vaidyasala And Panchakarma Centre, Lenin Street, Kosapalayam, Pondicherry - 605013, Near Krishna Nursing Home"
Shree Varma Hospitals,3.7,Very good,Ayurvedic Doctors,"  No 12, Goubert Avenue, Pondicherry - 605001, Beach Road"
Relax Kerala Ayurveda,4.3,Excellent,Hair Fall Treatment Doctors,"  No 21, Aurobindo Street, Pondicherry - 605001, Besides Calve College"
Aeon Ayush Clinic,4.5,Excellent,Hair Fall Treatment Doctors,"  No.8, Ground Floor, Bajanaimadam Street, Ellaipillaichavady, Pondicherry - 605005, Near Indra Gandhi Signal"
drmongaclinic.com,3.8,Very good,Hair Fall Treatment Doctors,"  20, Basement, Lajpat Nagar 4, Delhi - 110024, Near Moolchand Metro Station (Also serves PONDICHERRY)"
Dr. Avin (psychiatrist),3.1,Very good,Alcoholic Deaddiction,"  NO. 251, LENIN STREET,, Kosapalayam, Pondicherry - 605013, OPP. BEST NEEDS, NEAR GUARANTEE LAB"
PELICAN Pondicherry Endosco..,0,Very Poor,Alcoholic Deaddiction,"  42/3, 100 feet road, Mudaliarpet, Pondicherry - 605004, between RTO office and Sunway GRT Grand hotel"
PONDY PET Stores & PET CARE,4.9,Excellent,Veterinary Doctors,"  No. 56, Maraimalai Adigal Salai, Pondicherry - 605001, Near passport office"
Sathya Sai Veterinary Clini..,4.8,Excellent,Veterinary Doctors,"  317, Ground Floor, Mahathma Gandhi Road, Muthialpet, Pondicherry - 605003, Opposite to Kovai Pazhamudhir Nilayam"
Vige.dr,4.8,Excellent,Veterinary Doctors,"  No 12, 23rd Cross, Lawspet Pondicherry, Pondicherry - 605008, Near Cluney School, Avvai Nagar"