0,Puducherry Diabetes Foundat..,3.9,Verygood,Doctors For Dengue Fever Treatment,"  No 86, Eswaran Kovil Street, Pondicherry - 605001, Near Easwaran Kovil"
1,L K Nursing Home,4.3,Excellent,Doctors For Dengue Fever Treatment,"  No:25, Rajarajeswari nagar, Venkata Nagar, Pondicherry - 605011, Near Children Park"
2,East Coast Hospitals,4.1,Excellent,Doctors For Dengue Fever Treatment,"  No 370, 2nd Main Road Mahaveer Nagar, Lawspet, Pondicherry - 605008, Near Lawspet Police Station"
3,Delta Q Labs,5.0,Excellent,Doctors For Dengue Fever Treatment,"  No 1, Perambai Road, Moolakulam, Pondicherry - 605010, Near Vasantharaja Cinema Hall, Paris Nagar"
4,Clinic Nallam,4.1,Excellent,Doctors For Dengue Fever Treatment,"  No 36/A, Cuddalore Main Road, Mudaliarpet, Pondicherry - 605004, Near Communist Party Office"
5,Cosmic Consciousness,5.0,Excellent,Doctors For Dengue Fever Treatment,"  No 86, Eswaran Kovil Street, Pondicherry - 605001, Near Easwaran Kovil"
6,Dr. Narendra Agarawal,5.0,Excellent,Doctors For Dengue Fever Treatment,"  No 4, 7th Street, Lawspet Pondicherry, Pondicherry - 605008, Kumaran Nagar Near Cluny School"
7,First Step Home Healthcare,4.9,Excellent,Doctors For Dengue Fever Treatment,"  122, west car street, Villianur, Pondicherry - 605110, opposite to icici atm"
8,Dr. Uma Maheshwari S,4.8,Excellent,Doctors For Dengue Fever Treatment,"  No 169D, Sundaraju Chettiar Complex Cuddalore Main Road, Mudaliarpet, Pondicherry - 605004"
9,Dr. Arnabdey,4.7,Excellent,Doctors For Dengue Fever Treatment,"  No 2/A, New Street, Puthupet, Rajaji Nagar, Lawspet Pondicherry, Pondicherry - 605008"
10,Dr. Rajarathinam r,4.5,Excellent,General Physician Doctors,"  No 315, Mission Street, Puducherry H O, Pondicherry - 605001"
11,Sri Manakula Vinayagar Medi..,4.5,Excellent,General Physician Doctors,"  Grr Complex, Maraimalai Adigal Salai, Pondicherry - 605001"
12,Dr. Roshini Menon,4.5,Excellent,General Physician Doctors,"  Pondicherry-Villupuram Main Road, Pondicherry - 605001, Kalitheerthalkuppam Madagadipet"
13,Puduvai Life Line Hospital,4.4,Excellent,General Physician Doctors,"  No 34 1st Floor Plot No-146dr Roshni's Skin & Hair Speciality Centre, 100 Feet Road Cuddalore Road, Reddiar Palayam, Pondicherry - 605010, Natesan Nagar Near I G Statue"
14,Dr. Ayyappan K,4.4,Excellent,General Physician Doctors,"  No 36 A, Airport Main Road, Lawspet, Pondicherry - 605008"
15,Dr. Pandian S,4.4,Excellent,General Physician Doctors,"  No 211, Bussy Street, Pondicherry - 605001"
16,East Coast Hospitals Ltd,4.6,Excellent,General Physician Doctors,"  No 34-B, Cuddalore HO, PONDICHERRY - 607001, Rajambal Nagar"
17,Aum Hospitals,4.3,Excellent,General Physician Doctors,"  No 90, Thiruvalluvar Salai, Saram, Pondicherry - 605013, Near Naveena Theatre GardenPillai Thottam"
18,Sedhu Nursing Home,4.3,Excellent,General Physician Doctors,"  No 1, Cholai Nagar Main Road, Muthialpet, Pondicherry - 605003, Sapthagiri Garden Opposite Chinaathal School"
19,Dr. Udhayakumar,4.3,Excellent,General Physician Doctors,"  No 130, Perumal Koil Street, Bharathi Street-venkata Nagar, Pondicherry - 605001, Near Anandha Inn"
20,Dr. Dhandapani N L,4.2,Excellent,General Physician Doctors,"  No 230 Naveiranj Skin Clinic, Lenin Street, Saram, Pondicherry - 605013, Kosapalayam"
21,Dr. Murali r,4.2,Excellent,General Physician Doctors,"  No 44, Mettu Street, Kosapalayam, Pondicherry - 605013"
22,New Medical Centre,4.1,Excellent,General Physician Doctors,"  No 77, Ambedkar Salai, Nellithope, Pondicherry - 605005"
23,St Joseph Cluny Hospital,4.1,Excellent,General Physician Doctors,"  No 159 &161, Bussy Street, Pondicherry - 605001, Near Chinna Manikoondu"
24,Ashwini Maternity Hospital,4.1,Excellent,General Physician Doctors,"  No 16, Roam Rolland Street, Pondicherry - 605001"
25,Dr. Vasudevan P l,4.1,Excellent,General Physician Doctors,"  No 90, Vazhudavur Main Road, Thattanchavadi, Pondicherry - 605009, Vvp Nagar"
26,Pondicherry Institute Of Me..,4.0,Verygood,General Physician Doctors,"  No 216, Bussy Street, Pondicherry - 605001, Opposite Anjappar Hotel"
27,Government General Hospital,4.0,Verygood,General Physician Doctors,"  Pondicherry University, Pondicherry - 605014, Ganapathichettikulam Kalathumettupathai Kalapet"
28,Dr. Vijayakumari R,4.0,Verygood,General Physician Doctors,"  Ambour Salai, Pondicherry - 605001"
29,A G Padmavathi Hospital Pvt..,3.9,Verygood,General Physician Doctors,"  No 6o, 4th Cross Street, Venkata Nagar, Pondicherry - 605011, velsokkanatham kalyana mandapam"
30,Sri Arunachalam Hospital,3.9,Verygood,General Physician Doctors,"  No R S 127/ 1 A, Villiayanoor Main Road, Pondicherry - 605001, Arumparthapuram"
31,Sri Venkateshwara Hospital,3.8,Verygood,General Physician Doctors,"  No 205, Chinna Subrayapillai Street, Pondicherry - 605001, Opposite Kamban Kalai Arangam"
32,Dr. Radha Krishnan b,3.8,Verygood,General Physician Doctors,"  No 13 A, Pondy Villupuram Main Road, Ariyur, Pondicherry - 605003, Ariyur 605102 villupuram"
33,Be Well Hospitals,3.7,Verygood,General Physician Doctors,"  No 179, Bussy Street, Pondicherry - 605001"
34,Dr. Nirmala Babu,3.5,Verygood,General Physician Doctors,"  No 15, East Coast Road, Lawspet Pondicherry, Pondicherry - 605008, Green Gardens"
35,Sri Krishna Nursing Home,3.9,Verygood,General Physician Doctors,"  Sathani Street, Mudaliarpet, Pondicherry - 605004, Kuyavarpalayam"
36,Dr. Vasudevaiah V,4.3,Excellent,General Physician Doctors,"  No 76, Lenin Street, Saram, Pondicherry - 605013, Kosapalayam"
37,Santhigiri Ayurveda & Siddh..,4.1,Excellent,General Physician Doctors,"  No 181, Bussy Street, Pondicherry - 605001, Near Aruna Lab"
38,Dr. Uma Maheshwaran,4.1,Excellent,General Physician Doctors,"  No 6 B Block Devi Appartments, S V Patel Salai, Pondicherry - 605001, near achiyar school"
39,Dr. Lakshmipathi k,4.8,Excellent,General Physician Doctors,"  Sri Arunachalam Hospital, Chinnasuburaya Pillai Street, Pondicherry - 605001"
40,Brain Nerve & Muscle Center,2.8,Good,General Physician Doctors,"  No 143 Lakshmi Ortho Clinic, Bussy Street, Pondicherry - 605001, Near Manikoondu"
41,Dr. Selvalingam e,4.7,Excellent,General Physician Doctors,"  No 3, Library Street, Saram, Pondicherry - 605013, Kuyavarpalayam Near Thiruvalluvar Salai Cutting"
42,Dr. Augustine Paul R m,5.0,Excellent,General Physician Doctors,"  No 201, Bussy Street, Pondicheery, Pondicherry - 605001"
43,Annai Eye Care Clinic,5.0,Excellent,General Physician Doctors,"  No 19, Villianur Road, Nellithope, Pondicherry - 605005, Victoria Nagar Opposite Aryas Hotel & Near Casino Bakery"
44,Dr. Murugesan n,4.3,Excellent,General Physician Doctors,"  No 14, Perumal Koil Street, Villianur, Pondicherry - 605110, Near Perumal Koil"
45,Dr. Jawahar Babu M k,3.5,Verygood,General Physician Doctors,"  No 133, 100 Feet Road, Nellithope, Pondicherry - 605005, Natesan Nagar"
46,Dr. Gunasekaran m,3.1,Verygood,General Physician Doctors,"  No 102, Kasturibai Nagar, Thattanchavadi, Pondicherry - 605009, Near SI Steel Hardware Shop"
47,Dr. Usha Karthikeyan,3.5,Verygood,General Physician Doctors,"  No 6 B, Vazhudavur Road, Thattanchavadi, Pondicherry - 605009, Gandhi Nagar"
48,Dr. Atul M Bage,3.7,Verygood,General Physician Doctors,"  No 73, Kamatchi Amman Koil Street, Pondicherry - 605001"
49,Dr. Sree Ramulu Reddy Cmv,4.0,Verygood,General Physician Doctors,"  No 215, Bussy Street, Puducherry H O, Pondicherry - 605001"
50,St Marys Eye Care,4.4,Excellent,General Physician Doctors,"  No 125, Lalbahadur Sastry Street, Pondicherry - 605001"
51,Jayakodi Hospitals,4.8,Excellent,General Physician Doctors,"  No 58, Bussy Street, Puducherry H O, Pondicherry - 605001"
52,Dr. Namachivayam V,4.8,Excellent,General Physician Doctors,"  No:211A, TV Malai Road, Tirukannur, Pondicherry - 605501"
53,Shree Varma Hospitals,3.7,Verygood,General Physician Doctors,"  No 14-A, Bashiam Reddy Street, Cuddalore HO, PONDICHERRY - 607001"
54,Dr. Venkateswaralou N,4.5,Excellent,General Physician Doctors,"  No 12, Goubert Avenue, Pondicherry - 605001, Beach Road"
55,Pondy Surgical Center,4.5,Excellent,General Physician Doctors,"  No 478, Bharathi Street, Pondicherry - 605001, Near Rosema Kalyana Mandapam"
56,Dr. Sachidhanandham,4.1,Excellent,General Physician Doctors,"  No 305, Bharathiyar Street, Lawspet, Pondicherry - 605008, Near St Cluny School Ashok Nagar"
57,Dr. Jayanthi Gurumurthy,5.0,Excellent,General Physician Doctors,"  No 392, Bharathi Street, Pondicherry - 605001"
58,Dr. Buvanaratchagan A,4.0,Verygood,General Physician Doctors,"  No 59, Thanthai Periyar Nagar, Nellithope, Pondicherry - 605005"
59,Dr. Nethaji l,2.8,Good,General Physician Doctors,"  No:384, Bussy Street,, Pondicherry - 605001, Opp to Anjappar Hotel,Jeyam Medical."
60,Dr. Hemalatha,4.0,Verygood,General Physician Doctors,"  No 105, M G Road, Muthialpet, Pondicherry - 605003"
61,Dr. Nellian A R,3.4,Verygood,General Physician Doctors,"  M G Road, Muthialpet, Pondicherry - 605003"
62,Dr. Sivadhasan,4.4,Excellent,General Physician Doctors,"  No 2, Police Street, Mudaliarpet, Pondicherry - 605004"
63,Dr. Muthaiyan r,5.0,Excellent,General Physician Doctors,"  No 96, Bussy Street, Puducherry H O, Pondicherry - 605001"
64,Dr. Chitra Banu,3.1,Verygood,General Physician Doctors,"  No 194, Bussy Street, Pondicherry - 605001"
65,Dr. Dumont M A,4.3,Verygood,General Physician Doctors,"  No 90 Ashwini Maternity Hospital, Vazhudavur Main Road, Thattanchavadi, Pondicherry - 605009, Vvp Nagar"
66,Dharmarajan Vaidya Salai,3.6,Verygood,General Physician Doctors,"  No 109, Reddiar Palayam, Pondicherry - 605010"
67,Dr. Shyamala,5.0,Excellent,General Physician Doctors,"  No 278-A, Maraimalai Adigal Salai, Kosapalayam, Pondicherry - 605013, Near New Bus Stop Near Nellithopu Signal"
68,Dr. Shanthi Michael,4.4,Excellent,General Physician Doctors,"  A G Padmavathi Hospital R S 127/ 1 A, Villiayanoor Main Road, Pondicherry - 605001, Arumparthapuram"
69,Sri Ramachandra Hospital In..,4.0,Verygood,General Physician Doctors,"  Sri Arunachalam Hospital, Chinnasuburaya Pillai Street, Pondicherry - 605001"
70,Dr. Nallam p,4.4,Excellent,General Physician Doctors,"  No 160, Busssy street, Pondicherry - 605001, Near chinnakadai"
71,Sivagangai Eye Clinic & Opt..,5.0,Excellent,General Physician Doctors,"  No 122, Bussy Street, Puducherry H O, Pondicherry - 605001"
72,Dr. Narayana Swamy m,4.5,Excellent,General Physician Doctors,"  No 225/F, Chetty Street, Pondicherry - 605001"
73,Dr. Jayaveerakumar t,5.0,Excellent,General Physician Doctors,"  Muthialpet, Pondicherry - 605003, Near Government Of Puducherry Institution Opposite Mahathma Gandhi College Road"
74,Dr. Uma Shankar v,4.3,Excellent,General Physician Doctors,"  No 18/2, Nellikuppam Road, Cuddalore HO, PONDICHERRY - 607001"
75,Gnanam Medical & Clinic,5.0,Excellent,General Physician Doctors,"  No 430, Vazhudavur Main Road, Thattanchavadi, Pondicherry - 605009, Muthirapalayam Near Aruna Medicals"
76,Raghu Eye Clinic,5.0,Excellent,General Physician Doctors,"  No:49, Villainur Main Road, Pavazha Nagar, Nellithope, Pondicherry - 605005, Opp to Ezhainagathamman Kovil"
77,Dr. Puviarasan l,5.0,Excellent,General Physician Doctors,"  Pillaitottam, Pondicherry - 605013"
78,Tiru Medical Center,4.9,Excellent,General Physician Doctors,"  No 59, M M Koil Street, Nellithope, Pondicherry - 605005, Orleanpet"
79,Dr. Baskar k,3.5,Verygood,General Physician Doctors,"  133, 100 Feet Road, Mudaliarpet, Pondicherry - 605004, Between RTO Office and Sunway Manor GRT Hotel"
80,Kamala Nursing Home,3.0,Good,General Physician Doctors,"  No 63 1st Floor, Mariamman Koil Street, Lawspet, Pondicherry - 605008, Kottupalayam"
81,Dr. Chandra Mouli Y v,4.5,Excellent,General Physician Doctors,"  No 66, Kandappa Mudali Street, Puducherry H O, Pondicherry - 605001"
82,Dr. Sheik Anwar Hussain,4.5,Excellent,General Physician Doctors,"  No 401, M G Road, Puducherry H O, Pondicherry - 605001"
83,Dr. Varalakshmi,2.3,Good,General Physician Doctors,"  A G Padmavathi Hospital R S 127/ 1 A, Villiayanoor Main Road, Pondicherry - 605001, Arumparthapuram"
84,Visalakshmi Dental Health &..,3.5,Verygood,General Physician Doctors,"  A G Padmavathi Hospital R S 127/ 1 A, Villiayanoor Main Road, Pondicherry - 605001, Arumparthapuram"
85,Dr. Anatharaman v,4.8,Excellent,General Physician Doctors,"  No 2/2, Vallalar Salai 45 Feet Road, Venkata Nagar, Pondicherry - 605011"
86,DR. Subramanyan Serral,2.5,Good,General Physician Doctors,  Pondicherry - 605001
87,Tresor Nursing Home,3.5,Verygood,General Physician Doctors,"  Govt General Hospital, Pondicherry - 605001, Near Park"
88,Dr. Indra Srinivasan,4.5,Excellent,General Physician Doctors,"  No 9, St Louis Street, Pondicherry - 605001"
89,Dr. Anandavel b,5.0,Excellent,General Physician Doctors,"  No 3, Rue Suffren Street, Pondicherry - 605003"
90,Dr. Thiru Selvam e,5.0,Excellent,General Physician Doctors,"  No 77, 3rd Cross 45 Feet Road Corner, Venkata Nagar, Pondicherry - 605011"
91,Dr.narendra Agarwal Clinic,5.0,Excellent,General Physician Doctors,"  No 3, Vazhaikulam, Padmini Nagar, Pondicherry - 605110"
92,Dr. Ranjini Krishnan,4.0,Excellent,General Physician Doctors,"  120, West car street, Villianur, Pondicherry - 605110, Opposite to ICICI ATM"
93,Dr. Sankar K,4.5,Excellent,General Physician Doctors Exp: 35 yrs Fee: 100~150 INR,"  No 2, Wigil Mier Street, Cuddalore Ho, PONDICHERRY - 607001"
94,Dr. Narayanan m,5.0,Excellent,General Physician Doctors,"  No 209-A, Nethaji Road, Cuddalore HO, PONDICHERRY - 607001"
95,Dr. Kathimathi r,5.0,Excellent,General Physician Doctors,"  No 169-B, Nethaji Road, Cuddalore HO, PONDICHERRY - 607001"
96,Dr. Manavalan,4.0,Excellent,General Physician Doctors,"  No 110, Bazaar Street, Chidambaram H O, PONDICHERRY - 608001"
97,Dr. Krishnagopal r,4.0,Excellent,General Physician Doctors,"  No 127, S P Koil Street, Chidambaram H O, PONDICHERRY - 608001"
98,Dr. Saravanan K Padmanabhan,5.0,Excellent,General Physician Doctors,"  No 180, Lalbahadur Sastri Street, Puducherry H O, Pondicherry - 605001"
99,Dr. Monica Thalal,5.0,Excellent,Nephrologists,"  No 26, Perumal Koil Street, Puducherry H O, Pondicherry - 605001"
100,MVR Medical Centre,4.3,Excellent,Nephrologists,"  No 32 A Sri Venkateshwara Hospital, Pondy Villupuram Main Road, Pondicherry - 605001, Ariyur"
101,East Coast Hospitals,4.1,Excellent,Nephrologists,"  No 12 And13, ECR Main Road Karuvadikuppam, Lawspet Pondicherry, Pondicherry - 605008, Near Sivaji Statue"
102,Delta Q Labs,5.0,Excellent,Nephrologists,"  No 1, Perambai Road, Moolakulam, Pondicherry - 605010, Near Vasantharaja Cinema Hall, Paris Nagar"
103,Sri Venkateshwaraa Medical ..,4.1,Excellent,Nephrologists,"  No 36/A, Cuddalore Main Road, Mudaliarpet, Pondicherry - 605004, Near Communist Party Office"
104,Jipmer Hospital,4.3,Excellent,Nephrologists,"  13 A, Pondicherry Villupuram Main Road Ariyur, Pondicherry - 605001, Ariyur"
105,Pondicherry Institute Of Me..,4.0,Excellent,Nephrologists,"  Dhanvantri Nagar, Pondicherry - 605006, Gorimedu"
106,Rani Hospital,4.0,Excellent,Nephrologists,"  Pondicherry University, Pondicherry - 605014, Ganapathichettikulam Kalathumettupathai Kalapet"
107,Be Well Hospitals,3.7,Verygood,Nephrologists,"  No 27, Vazhudhavur Road, Thattanchavadi, Pondicherry - 605009, Near Rajiv Gandhi Statue"
108,Aum Hospitals,4.3,Excellent,Nephrologists,"  No 15, East Coast Road, Lawspet Pondicherry, Pondicherry - 605008, Green Gardens"
109,Davita Care India Ltd,4.7,Excellent,Nephrologists,"  No 1, Cholai Nagar Main Road, Muthialpet, Pondicherry - 605003, Sapthagiri Garden Opposite Chinaathal School"
110,Sri Manakula Vinayagar Medi..,4.5,Excellent,Nephrologists,"  No 1,Saptagiri, Solai Nagar Main Road, Muthialpet, Pondicherry - 605003"
111,Kidney Centre Hospital,4.1,Excellent,Nephrologists,"  Pondicherry-Villupuram Main Road, Pondicherry - 605001, Kalitheerthalkuppam Madagadipet"
112,Sri Venkateshwara Hospital,3.8,Verygood,Nephrologists,"  no;206, anna salai, Pondicherry - 605001, opp botanical garden near sbi bank near farmer market"
113,Dr. Murugesan n,4.3,Excellent,Nephrologists,"  No 13 A, Pondy Villupuram Main Road, Ariyur, Pondicherry - 605003, Ariyur 605102 villupuram"
114,Neomed Hospital(Dr Sivabala..,0.5,Verypoor,Nephrologists,"  No 133, 100 Feet Road, Nellithope, Pondicherry - 605005, Natesan Nagar"
115,Herbocare Hospital Pvt Ltd,4.3,Excellent,Nephrologists,"  no 58b bharathi street thiruvalluvar nagar, Bharathi Street-venkata Nagar, Pondicherry - 605003"
116,Pondicherry Kidney Foundati..,4.1,Excellent,Nephrologists,"  No 11, 1st Street, Pondicherry - 605001, Near Muruga Theatre Bus Stop & Old Collector Office, Gnanaprakasam Nagar"
117,Dr. Kumar,4.3,Excellent,Nephrologists,"  C/O Kidney Centre 470, Mahatma Gandhi Road, Pondicherry., Pondicherry Bazaar, Pondicherry - 605001, New Medical Centre Premises"
118,Dr. Narayan,4.1,Excellent,Nephrologists,"  No 1 Sabthagiri Gardens Davita Nephrolife, Solai Nagar Main Road, Lawspet, Pondicherry - 605008, Muthialpet"
119,Dr. Narayan (Davita Care In..,3.9,Verygood,Nephrologists,"  No 1 Sabthagiri Gardens Davita Nephrolife, Solai Nagar Main Road, Lawspet, Pondicherry - 605008, Muthialpet"
120,Dr. Gopal Rabindranath (eas..,4.5,Excellent,Nephrologists,"  C/O Davita Care India Ltd No 1 Sabthagiri Gardens, Solai Nagar Main Road, Muthialpet, Pondicherry - 605003"
121,Dr. Murugesan N (East Coast..,4.1,Excellent,Nephrologists,"  No 1, Moolakulam, Pondicherry - 605010, Paris Nagar Near Vasantha Raja Cinema Hall"
122,Dr. K Narayanan (Kidney Cen..,3.8,Verygood,Nephrologists,"  C/O East Coast Hospitals No 1, Moolakulam, Pondicherry - 605010, Near Vasantha Raja Theatre, Paris Nagar"
123,Dr. Kumar (Davita Care Indi..,4.3,Excellent,Nephrologists,"   206, Annasalai, White Town, Pondicherry - 605001"
124,Dr.Hemachandar R,4.4,Excellent,Nephrologists,"  C/o Davita Care India Ltd No 1 Sabthagiri Gardens, Solai Nagar Main Road, Muthialpet, Pondicherry - 605003"
125,Dr. Rabundranath g,4.5,Excellent,Nephrologists,"  Bahoor, Pondicherry - 607402"
126,Krishna Hospital,4.1,Excellent,Nephrologists,"  No 194, Lalbhadur Shasttri Street, Pondicherry Ho, - 605001 (Also serves PONDICHERRY)"
127,Sun Pharmacy,4.3,Excellent,Nephrologists,"  No 17 A, Hospital Road, Cuddalore - 607001 (Also serves PONDICHERRY)"
128,Vasista Ayurveda,4.1,Excellent,Nephrologists,"  No 3/5, Main Bazaar, Block 19 and Also In Indira Nagar, Neyveli Town Ship, Neyveli - 607801, Near Icici Bank (Also serves PONDICHERRY)"
129,Lavanya Ayurvedic Hospital ..,3.9,Verygood,Nephrologists,"   5410, Old housing board colony, Ravindra Nagar Hassan, Hassan - 573201, Near Ravindra park (Also serves PONDICHERRY)"
130,Sri Manakula Vinayagar Medi..,4.5,Excellent,Nephrologists,"  3rd Floor, Bansal Complex, Faizabad Road, Indira Nagar, Lucknow - 226016, Near Neelgiri Chauraha (Also serves PONDICHERRY)"
131,Kidney Centre Hospital,4.1,Excellent,Nephrologists,"  Pondicherry-Villupuram Main Road, Pondicherry - 605001, Kalitheerthalkuppam Madagadipet"
132,Sri Venkateshwara Hospital,3.8,Verygood,Nephrologists,"  no;206, anna salai, Pondicherry - 605001, opp botanical garden near sbi bank near farmer market"
133,Dr. Murugesan n,4.3,Excellent,Nephrologists,"  No 13 A, Pondy Villupuram Main Road, Ariyur, Pondicherry - 605003, Ariyur 605102 villupuram"
134,Neomed Hospital(Dr Sivabala..,0.5,Verypoor,Nephrologists,"  No 133, 100 Feet Road, Nellithope, Pondicherry - 605005, Natesan Nagar"
135,Herbocare Hospital Pvt Ltd,4.3,Excellent,Nephrologists,"  no 58b bharathi street thiruvalluvar nagar, Bharathi Street-venkata Nagar, Pondicherry - 605003"
136,Pondicherry Kidney Foundati..,4.4,Excellent,Nephrologists,"  No 11, 1st Street, Pondicherry - 605001, Near Muruga Theatre Bus Stop & Old Collector Office, Gnanaprakasam Nagar"
137,Dr. Kumar,4.6,Excellent,Nephrologists,"  C/O Kidney Centre 470, Mahatma Gandhi Road, Pondicherry., Pondicherry Bazaar, Pondicherry - 605001, New Medical Centre Premises"
138,Dr. Narayan,4.1,Excellent,Nephrologists,"  No 1 Sabthagiri Gardens Davita Nephrolife, Solai Nagar Main Road, Lawspet, Pondicherry - 605008, Muthialpet"
139,Dr. Narayan (Davita Care In..,4.3,Excellent,Nephrologists,"  No 1 Sabthagiri Gardens Davita Nephrolife, Solai Nagar Main Road, Lawspet, Pondicherry - 605008, Muthialpet"
140,Dr. Gopal Rabindranath (eas..,4.1,Excellent,Nephrologists,"  C/O Davita Care India Ltd No 1 Sabthagiri Gardens, Solai Nagar Main Road, Muthialpet, Pondicherry - 605003"
141,Dr. Murugesan N (East Coast..,3.9,Verygood,Nephrologists,"  No 1, Moolakulam, Pondicherry - 605010, Paris Nagar Near Vasantha Raja Cinema Hall"
142,Dr. K Narayanan (Kidney Cen..,4.5,Excellent,Nephrologists,"  C/O East Coast Hospitals No 1, Moolakulam, Pondicherry - 605010, Near Vasantha Raja Theatre, Paris Nagar"
143,Dr. Kumar (Davita Care Indi..,4.1,Excellent,Nephrologists,"   206, Annasalai, White Town, Pondicherry - 605001"
144,Dr.Hemachandar R,3.8,Verygood,Nephrologists,"  C/o Davita Care India Ltd No 1 Sabthagiri Gardens, Solai Nagar Main Road, Muthialpet, Pondicherry - 605003"
145,Dr. Rabundranath g,4.3,Excellent,Nephrologists,"  Bahoor, Pondicherry - 607402"
146,Krishna Hospital,4.1,Excellent,Nephrologists,"  No 194, Lalbhadur Shasttri Street, Pondicherry Ho, - 605001 (Also serves PONDICHERRY)"
147,Sun Pharmacy,4.3,Excellent,Nephrologists,"  No 17 A, Hospital Road, Cuddalore - 607001 (Also serves PONDICHERRY)"
148,Vasista Ayurveda,4.1,Excellent,Nephrologists,"  No 3/5, Main Bazaar, Block 19 and Also In Indira Nagar, Neyveli Town Ship, Neyveli - 607801, Near Icici Bank (Also serves PONDICHERRY)"
149,Lavanya Ayurvedic Hospital ..,3.9,Verygood,Nephrologists,"   5410, Old housing board colony, Ravindra Nagar Hassan, Hassan - 573201, Near Ravindra park (Also serves PONDICHERRY)"
150,Dr. Gopal Rabindranath (eas..,4.3,Excellent,Nephrologists,"  3rd Floor, Bansal Complex, Faizabad Road, Indira Nagar, Lucknow - 226016, Near Neelgiri Chauraha (Also serves PONDICHERRY)"
151,Dr. Murugesan N (East Coast..,4.1,Excellent,Nephrologists,"  No 1, Moolakulam, Pondicherry - 605010, Paris Nagar Near Vasantha Raja Cinema Hall"
152,Dr. K Narayanan (Kidney Cen..,4.3,Excellent,Nephrologists,"  C/O East Coast Hospitals No 1, Moolakulam, Pondicherry - 605010, Near Vasantha Raja Theatre, Paris Nagar"
153,Dr. Kumar (Davita Care Indi..,4.1,Excellent,Nephrologists,"   206, Annasalai, White Town, Pondicherry - 605001"
154,Dr.Hemachandar R,3.9,Verygood,Nephrologists,"  C/o Davita Care India Ltd No 1 Sabthagiri Gardens, Solai Nagar Main Road, Muthialpet, Pondicherry - 605003"
155,Dr. Rabundranath g,3.9,Verygood,Nephrologists,"  Bahoor, Pondicherry - 607402"
156,Krishna Hospital,4.1,Excellent,Nephrologists,"  No 194, Lalbhadur Shasttri Street, Pondicherry Ho, - 605001 (Also serves PONDICHERRY)"
157,Sun Pharmacy,4.3,Excellent,Nephrologists,"  No 17 A, Hospital Road, Cuddalore - 607001 (Also serves PONDICHERRY)"
158,Vasista Ayurveda,4.1,Excellent,Nephrologists,"  No 3/5, Main Bazaar, Block 19 and Also In Indira Nagar, Neyveli Town Ship, Neyveli - 607801, Near Icici Bank (Also serves PONDICHERRY)"
159,Lavanya Ayurvedic Hospital ..,3.9,Verygood,Nephrologists,"   5410, Old housing board colony, Ravindra Nagar Hassan, Hassan - 573201, Near Ravindra park (Also serves PONDICHERRY)"
160,Clinic Nallam,4.1,Excellent,Neurologist Surgery,"  No 86, Eswaran Kovil Street, Pondicherry - 605001, Near Easwaran Kovil"
161,Apollo Hospital Information..,3.5,Verygood,Neurologist Surgery,"  No.60, 100 Feet Road, Ellaipillaichavady, Pondicherry - 605005, Opp to N.T Mahal"
162,Rani Hospital,4.0,Verygood,Neurologist Surgery,"  No 27, Vazhudhavur Road, Thattanchavadi, Pondicherry - 605009, Near Rajiv Gandhi Statue"
163,Be Well Hospitals,3.7,Verygood,Neurologist Surgery,"  No 15, East Coast Road, Lawspet Pondicherry, Pondicherry - 605008, Green Gardens"
164,Apollo Hospital Information..,4.1,Excellent,Neurologist Surgery,"  No 79, valudhavur main road, Nellithope, Pondicherry - 605009, Near By Employment office"
165,Neomed Hospital(Dr Sivabala..,0.5,Verypoor,Neurologist Surgery,"  no 58b bharathi street thiruvalluvar nagar, Bharathi Street-venkata Nagar, Pondicherry - 605003"
166,MKV Polyclinic,3.5,Verygood,Neurologist Surgery,"  No 250, Bussy Street, Bazaar, Pondicherry - 605001, Opposite Kamban Kalai Arangam"
167,Dr. Prabhakaran R (MKV Poly..,3.6,Verygood,Neurologist Surgery,"  C/O MKV Polyclinic No 250, Bussy Street, Pondicherry Bazaar, Pondicherry - 605001, Opposite Kamban Kalai Arangam"
168,Valli Vilas Nursing Home,3.3,Verygood,Neurologist Surgery,"  No 45/2, Bharathi Road, Cuddalore Ho, - 607001 (Also serves PONDICHERRY)"
169,Dr. Ravendran v,5.0,Excellent,Neurologist Surgery,"  Coimbatore Bone & Joint Foundation Pvt Ltd, No 1091, Rs Puram H O, Coimbatore - 641002, Mettupalayam Road North Coimbatore Bus Stop (Also serves PONDICHERRY)"
170,Mantry Rehab Centre,3.9,Verygood,Neurologist Surgery,"  Shop Number 110 V Mall, Thakur Complex, Kandivali East, Mumbai - 400101, Near Saidham Temple (Also serves PONDICHERRY)"
171,Vasista Ayurveda,4.1,Excellent,Neurologist Surgery,"   5410, Old housing board colony, Ravindra Nagar Hassan, Hassan - 573201, Near Ravindra park (Also serves PONDICHERRY)"
172,Lavanya Ayurvedic Hospital ..,3.9,Verygood,Neurologist Surgery,"  3rd Floor, Bansal Complex, Faizabad Road, Indira Nagar, Lucknow - 226016, Near Neelgiri Chauraha (Also serves PONDICHERRY)"
173,Mantry Rehab Centre,3.9,Verygood,Neurologist Surgery,"  Shop Number 110 V Mall, Thakur Complex, Kandivali East, Mumbai - 400101, Near Saidham Temple (Also serves PONDICHERRY)"
174,Vasista Ayurveda,4.1,Excellent,Neurologist Surgery,"   5410, Old housing board colony, Ravindra Nagar Hassan, Hassan - 573201, Near Ravindra park (Also serves PONDICHERRY)"
175,Lavanya Ayurvedic Hospital ..,3.9,Verygood,Neurologist Surgery,"  3rd Floor, Bansal Complex, Faizabad Road, Indira Nagar, Lucknow - 226016, Near Neelgiri Chauraha (Also serves PONDICHERRY)"
176,Sri Venkateshwaraa Medical ..,4.1,Excellent,Gastroenterologists,"  13 A, Pondicherry Villupuram Main Road Ariyur, Pondicherry - 605001, Ariyur"
177,East Coast Hospitals,4.1,Excellent,Gastroenterologists,"  No 1, Perambai Road, Moolakulam, Pondicherry - 605010, Near Vasantharaja Cinema Hall, Paris Nagar"
178,Clinic Nallam,4.1,Excellent,Gastroenterologists,"  No 86, Eswaran Kovil Street, Pondicherry - 605001, Near Easwaran Kovil"
179,Dr. Karthikeyan R,4.6,Excellent,Gastroenterologists,"  No 41 Balaji Gastro Centre, 14th Cross, Ellaipillaichavady, Pondicherry - 605005, Opposite Rajiv Gandhi Government Maternity Hospital, Anna Nagar"
180,Jipmer Hospital,4.3,Excellent,Gastroenterologists,"  Dhanvantri Nagar, Pondicherry - 605006, Gorimedu"
181,Pondicherry Institute Of Me..,4.0,Verygood,Gastroenterologists,"  Pondicherry University, Pondicherry - 605014, Ganapathichettikulam Kalathumettupathai Kalapet"
182,Government General Hospital,4.0,Verygood,Gastroenterologists,"  Ambour Salai, Pondicherry - 605001"
183,Rani Hospital,4.0,Verygood,Gastroenterologists,"  No 27, Vazhudhavur Road, Thattanchavadi, Pondicherry - 605009, Near Rajiv Gandhi Statue"
184,Be Well Hospitals,3.7,Verygood,Gastroenterologists,"  No 15, East Coast Road, Lawspet Pondicherry, Pondicherry - 605008, Green Gardens"
185,Apollo Hospital Information..,4.1,Excellent,Gastroenterologists,"  No 79, valudhavur main road, Nellithope, Pondicherry - 605009, Near By Employment office"
186,Aum Hospitals,4.3,Excellent,Gastroenterologists,"  No 1, Cholai Nagar Main Road, Muthialpet, Pondicherry - 605003, Sapthagiri Garden Opposite Chinaathal School"
187,Sri Venkateshwara Hospital,3.8,Verygood,Gastroenterologists,"  No 13 A, Pondy Villupuram Main Road, Ariyur, Pondicherry - 605003, Ariyur 605102 villupuram"
188,Dr. Karthikeyan R (East Coa..,5.0,Excellent,Gastroenterologists,"  C/O East Coast Hospitals No 1, Perambai Road, Moolakulam, Pondicherry - 605010, Near Vasantharaja Cinema Hall, Paris Nagar"
189,Tiru Medical Center,4.9,Excellent,Gastroenterologists,"  133, 100 Feet Road, Mudaliarpet, Pondicherry - 605004, Between RTO Office and Sunway Manor GRT Hotel"
190,Viniyoga Heealing Centre,5.0,Excellent,Gastroenterologists,"  No.61, Perumal Koil Street, Pondicherry - 605001, Near M.G.Road"
191,Balaji Gastro Centre,5.0,Excellent,Gastroenterologists,"  No 250, Bussy Street, Pondicherry - 605001, Opposite Kamban Kalai Arangam"
192,MKV Polyclinic,3.5,Verygood,Gastroenterologists,"  No 250, Bussy Street, Bazaar, Pondicherry - 605001, Opposite Kamban Kalai Arangam"
193,Royal India Associates,3.6,Verygood,Gastroenterologists,"  No.2, Appavoo Maistry Street, Pondicherry - 605001"
194,Dr. Satish n,3.7,Verygood,Gastroenterologists,"  No 86 Clinic Nallam, Eswaran Kovil Street, Pondicherry - 605001, Near Easwaran Kovil"
195,Dr. Vinoth(Arcot Hospitals),3.8,Verygood,Gastroenterologists,"  No 30/31 Alc Campus, Cuddalore Ho, PONDICHERRY - 607001, Manjakuppam"
196,Sun Pharmacy,4.3,Excellent,Gastroenterologists,"  No 3/5, Main Bazaar, Block 19 and Also In Indira Nagar, Neyveli Town Ship, Neyveli - 607801, Near Icici Bank (Also serves PONDICHERRY)"
197,Aum Hospitals,4.3,Excellent,Gastroenterologists,"  No 1, Cholai Nagar Main Road, Muthialpet, Pondicherry - 605003, Sapthagiri Garden Opposite Chinaathal School"
198,Sri Venkateshwara Hospital,3.8,Verygood,Gastroenterologists,"  No 13 A, Pondy Villupuram Main Road, Ariyur, Pondicherry - 605003, Ariyur 605102 villupuram"
199,Dr. Karthikeyan R (East Coa..,5.0,Excellent,Gastroenterologists,"  C/O East Coast Hospitals No 1, Perambai Road, Moolakulam, Pondicherry - 605010, Near Vasantharaja Cinema Hall, Paris Nagar"
200,Tiru Medical Center,4.9,Excellent,Gastroenterologists,"  133, 100 Feet Road, Mudaliarpet, Pondicherry - 605004, Between RTO Office and Sunway Manor GRT Hotel"
201,Viniyoga Heealing Centre,5.0,Excellent,Gastroenterologists,"  No.61, Perumal Koil Street, Pondicherry - 605001, Near M.G.Road"
202,Balaji Gastro Centre,5.0,Excellent,Gastroenterologists,"  No 250, Bussy Street, Pondicherry - 605001, Opposite Kamban Kalai Arangam"
203,MKV Polyclinic,3.5,Verygood,Gastroenterologists,"  No 250, Bussy Street, Bazaar, Pondicherry - 605001, Opposite Kamban Kalai Arangam"
204,Royal India Associates,3.6,Verygood,Gastroenterologists,"  No.2, Appavoo Maistry Street, Pondicherry - 605001"
205,Dr. Satish n,3.7,Verygood,Gastroenterologists,"  No 86 Clinic Nallam, Eswaran Kovil Street, Pondicherry - 605001, Near Easwaran Kovil"
206,Dr. Vinoth(Arcot Hospitals),3.8,Verygood,Gastroenterologists,"  No 30/31 Alc Campus, Cuddalore Ho, PONDICHERRY - 607001, Manjakuppam"
207,Sun Pharmacy,4.3,Excellent,Gastroenterologists,"  No 3/5, Main Bazaar, Block 19 and Also In Indira Nagar, Neyveli Town Ship, Neyveli - 607801, Near Icici Bank (Also serves PONDICHERRY)"
208,Sun Pharmacy,4.3,Excellent,Gastroenterologists,"  No 3/5, Main Bazaar, Block 19 and Also In Indira Nagar, Neyveli Town Ship, Neyveli - 607801, Near Icici Bank (Also serves PONDICHERRY)"
209,Simha Hearing Aids And Spee..,4.6,Excellent,ENT Doctors,"  No 352 Vijaya Complex 1st Floor, Villianur Main Road, Nellithope, Pondicherry - 605005, Opposite Fish Market"
210,L K Nursing Home,4.3,Excellent,ENT Doctors,"  No 370, 2nd Main Road Mahaveer Nagar, Lawspet, Pondicherry - 605008, Near Lawspet Police Station"
211,Apollo Hospital Information..,3.5,Verygood,ENT Doctors,"  No.60, 100 Feet Road, Ellaipillaichavady, Pondicherry - 605005, Opp to N.T Mahal"
212,New Medical Centre,4.1,Excellent,ENT Doctors,"  No 159 &161, Bussy Street, Pondicherry - 605001, Near Chinna Manikoondu"
213,Apollo Hospital Information..,4.1,Excellent,ENT Doctors,"  No 79, valudhavur main road, Nellithope, Pondicherry - 605009, Near By Employment office"
214,Sri Venkateshwaraa Medical ..,4.1,Excellent,ENT Doctors,"  13 A, Pondicherry Villupuram Main Road Ariyur, Pondicherry - 605001, Ariyur"
215,Rani Hospital,4.0,Verygood,ENT Doctors,"  No 27, Vazhudhavur Road, Thattanchavadi, Pondicherry - 605009, Near Rajiv Gandhi Statue"
216,Fortis East Coast Hospitals..,3.8,Verygood,ENT Doctors,"  No 194 Outpatient Complex, Lalbahadur Shastri Street, Bussy Street, Pondicherry - 605001"
217,Be Well Hospitals,3.7,Verygood,ENT Doctors,"  No 15, East Coast Road, Lawspet Pondicherry, Pondicherry - 605008, Green Gardens"
218,Dr. Vasudevan T l,4.3,Excellent,ENT Doctors,"  No 212, Bussy Street, Pondicherry - 605001"
219,Viji Clinic,4.4,Excellent,ENT Doctors,"  No 288, Kamaraj Salai, Saram, Pondicherry - 605013, Opposite Shanmuga Thirumana Mandapam & Near Rajiv Gandhi Statue"
220,United Care Hearing Aids & ..,4.8,Excellent,ENT Doctors,"  No 48, Badar Saib Street, Pondicherry Bazaar, Pondicherry - 605001, Behind Old Bus Stand"
221,Dr. Atul M Bage,3.7,Verygood,ENT Doctors,"  No 215, Bussy Street, Puducherry H O, Pondicherry - 605001"
222,Jayakodi Hospitals,4.8,Excellent,ENT Doctors,"  No:211A, TV Malai Road, Tirukannur, Pondicherry - 605501"
223,Decibel Audiology Centre He..,4.7,Excellent,ENT Doctors,"  No 216, Bussy Street, Bussy Street, Pondicherry - 605001, Opposite Anjappar Hotel"
224,S R ENT Clinic,0.5,Verypoor,ENT Doctors,"  No 75, East Car Street, Chidambaram H O, PONDICHERRY - 608001"
225,Dr. Karunanidhi m,4.6,Excellent,ENT Doctors,"  No 288 C/O Viji Clinic, Kamaraj Salai, Saram, Pondicherry - 605013, Opposite Shanmuga Thirumana Mandapam & Near Rajiv Gandhi Statue"
226,Herbocare Hospital Pvt Ltd,4.5,Excellent,ENT Doctors,"  No 11, 1st Street, Pondicherry - 605001, Near Muruga Theatre Bus Stop & Old Collector Office, Gnanaprakasam Nagar"
227,Dr. Kulandaivelu S,0.6,Verypoor,ENT Doctors,"  No 6, 45 Feet Road, Venkata Nagar, Pondicherry - 605011, Rajarajeswari Nagar,Near French Corner Bakery,"
228,Clinic ENT,4.4,Excellent,ENT Doctors,"  2,KALAIVANAR NAGAR, main road, Gorimedu, Pondicherry - 605006, NEAR JIPMER CHECK POST"
229,Shivani ENT Clinic,4.3,Excellent,ENT Doctors,"  Krishnar Bajanai Madam, Pillaitottam, Pondicherry - 605013"
230,Dr. N D Rajan(simha Hearing..,0.7,Verypoor,ENT Doctors,"  No 352 Vijaya Complex 1st Floor, Villianur Main Road, Nellithope, Pondicherry - 605005, Opposite Fish Market"
231,Dr. M Saravanakumar (Shivan..,4.2,Excellent,ENT Doctors,"  C/o Shivani Ent Clinic, Krishnar Bajanai Madam, Pillaitottam, Pondicherry - 605013"
232,Dr. Allirani j,4.1,Excellent,ENT Doctors,"  No 6/10, Sengundar Street, Nellithope, Pondicherry - 605005, Orleanpet"
233,Dr. Bibin M Babu (East Coas..,0.8,Verypoor,ENT Doctors,"  C/O East Coast Hospitals No 1, Perambai Road, Moolakulam, Pondicherry - 605010, Near Vasantha Raja Theatre, Paris Nagar"
234,Royal India Associates,4.0,Verygood,ENT Doctors,"  No.2, Appavoo Maistry Street, Pondicherry - 605001"
235,Dr. Suriyanarayana V,4.1,Excellent,ENT Doctors,"  No 448, Bharathi Street, Puducherry H O, Pondicherry - 605001"
236,Aum Speciality Clinics,0.9,Verypoor,ENT Doctors,"  No 2c, Jawaherlal Nehru Street, Pondicherry - 605001, Behind Raj Niwas"
237,Dr. Sathiyan (New Medical C..,4.2,Excellent,ENT Doctors,"  C/O New Medical Centre No 470, M G Road, Pondicherry - 605001"
238,Dr. Satvinder Singh Bakshi ..,4.3,Excellent,ENT Doctors,"   2, Jawaharlal Nehru Street, Sri Aurobindo Ashram., Sri Aurobindo Ashram, Pondicherry - 605001, Behind Rajniwas"
239,Sabari Clinic,0.10,Verypoor,ENT Doctors,"  No 14, Uruvaiyar Main Road, Villianur, Pondicherry - 605110, Annamalai Nagar, Acharyapuram Near Acharya College"
240,Sri Jayajothi Polyclinic,4.4,Excellent,ENT Doctors,"  No 18/2, Hospital Road, Manjakuppam, Cuddalore - 607001 (Also serves PONDICHERRY)"
241,Sri Shruthi Clinic,5.0,Excellent,ENT Doctors,"  No.44, Kumara koil street, Old Town, Cuddalore - 607003, Near kumaran temple (Also serves PONDICHERRY)"
242,Sun Pharmacy,4.3,Excellent,ENT Doctors,"  No 3/5, Main Bazaar, Block 19 and Also In Indira Nagar, Neyveli Town Ship, Neyveli - 607801, Near Icici Bank (Also serves PONDICHERRY)"
243,East Coast Hospitals,4.1,Excellent,Kidney ,"  No 1, Perambai Road, Moolakulam, Pondicherry - 605010, Near Vasantharaja Cinema Hall, Paris Nagar"
244,Clinic Nallam,4.1,Excellent,Kidney ,"  No 86, Eswaran Kovil Street, Pondicherry - 605001, Near Easwaran Kovil"
245,MVR Medical Centre,4.3,Excellent,Kidney ,"  No 12 And13, ECR Main Road Karuvadikuppam, Lawspet Pondicherry, Pondicherry - 605008, Near Sivaji Statue"
246,L K Nursing Home,4.3,Excellent,Kidney ,"  No 370, 2nd Main Road Mahaveer Nagar, Lawspet, Pondicherry - 605008, Near Lawspet Police Station"
247,Dr. Narendra Agarawal,5.0,Excellent,Kidney ,"  122, west car street, Villianur, Pondicherry - 605110, opposite to icici atm"
248,Sri Venkateshwaraa Medical ..,4.1,Excellent,Kidney ,"  13 A, Pondicherry Villupuram Main Road Ariyur, Pondicherry - 605001, Ariyur"
249,Jipmer Hospital,4.3,Excellent,Kidney ,"  Dhanvantri Nagar, Pondicherry - 605006, Gorimedu"
250,Pondicherry Institute Of Me..,4.0,Verygood,Kidney ,"  Pondicherry University, Pondicherry - 605014, Ganapathichettikulam Kalathumettupathai Kalapet"
251,Rani Hospital,4.0,Verygood,Kidney ,"  No 27, Vazhudhavur Road, Thattanchavadi, Pondicherry - 605009, Near Rajiv Gandhi Statue"
252,Be Well Hospitals,3.7,Verygood,Kidney ,"  No 15, East Coast Road, Lawspet Pondicherry, Pondicherry - 605008, Green Gardens"
253,Sri Arunachalam Hospital,3.9,Verygood,Kidney ,"  No 205, Chinna Subrayapillai Street, Pondicherry - 605001, Opposite Kamban Kalai Arangam"
254,Madhava Hospital,4.0,Verygood,Kidney ,"  No 15, Point Care Street, Nellithope, Pondicherry - 605005, Near Indira Gandhi Statue"
255,Aum Hospitals,4.3,Excellent,Kidney ,"  No 1, Cholai Nagar Main Road, Muthialpet, Pondicherry - 605003, Sapthagiri Garden Opposite Chinaathal School"
256,Sri Manakula Vinayagar Medi..,4.5,Excellent,Kidney ,"  Pondicherry-Villupuram Main Road, Pondicherry - 605001, Kalitheerthalkuppam Madagadipet"
257,Kidney Centre Hospital,4.1,Excellent,Kidney ,"  no;206, anna salai, Pondicherry - 605001, opp botanical garden near sbi bank near farmer market"
258,Sri Venkateshwara Hospital,3.8,Verygood,Kidney ,"  No 13 A, Pondy Villupuram Main Road, Ariyur, Pondicherry - 605003, Ariyur 605102 villupuram"
259,Dr. Vasudevan S,4.1,Excellent,Kidney ,"  No 180, Lalbahadur Street, Pondicherry Bazaar, Pondicherry - 605001, Nera Small Clock Tower"
260,Chithra Medical Group,4.2,Excellent,Kidney ,"  No.75, Third Cross, Paris Nagar, pondicherry 605010, Moolakulam, Pondicherry - 605010, Near East Coast Hospital"
261,Dr. Vijay Oza,3.6,Verygood,Kidney ,"  194 Eastcoast Diagnostics, Lalbahadur Street(Bussy Street), Bussy Street, Pondicherry - 605001, Near Anjappar Hotel"
262,Herbocare Hospital Pvt Ltd,4.3,Excellent,Kidney ,"  No 11, 1st Street, Pondicherry - 605001, Near Muruga Theatre Bus Stop & Old Collector Office, Gnanaprakasam Nagar"
263,Dr. Rajendran p,4.5,Excellent,Kidney ,"  No 206, Bussy Street, Puducherry H O, Pondicherry - 605001"
264,Dr. Vijay Oza (East Coast H..,4.7,Excellent,Kidney ,"  C/O East Coast Hospitals No 1, Perambai Road, Moolakulam, Pondicherry - 605010, Near Vasantha Raja Theatre, Paris Nagar"
265,Dr. Prasanth Nayak (East Co..,4.9,Excellent,Kidney ,"  C/O East Coast Hospitals No 1, Perambai Road, Moolakulam, Pondicherry - 605010, Near Vasantha Raja Theatre, Paris Nagar"
266,Dr. Vasudevan (East Coast H..,4.11,Excellent,Kidney ,"  C/O East Coast Hospitals No 1, Perambai Road, Moolakulam, Pondicherry - 605010, Near Vasantharaja Cinema Hall, Paris Nagar"
267,Royal India Associates,4.13,Excellent,Kidney ,"  No.2, Appavoo Maistry Street, Pondicherry - 605001"
268,Dr. Kalyana Ram,4.15,Excellent,Kidney ,"  No 86 Clinic Nallam, Eswaran Kovil Street, Pondicherry - 605001, Near Easwaran Kovil"
269,Dr. Sudhakar K (New Medical..,4.17,Excellent,Kidney ,"  C/O New Medical Centre No 470, M G Road, Pondicherry - 605001"
270,Vijay Kidney & Urology Clin..,5.0,Excellent,Kidney ,"  No 194 East Coast Laboratory, Lalbahathur Street, Pondicherry - 605003, Opposite Roshamaa Kalyana Mandapam"
271,Amrutha Laser Stone Clinic,3.5,Verygood,Kidney ,"  Clinic Nallam, Eswaran Koil Street, PONDICHERRY - 605003, Eswaran Koil"
272,Dr. Rajendiran p,4.17,Excellent,Kidney ,"  No 17, Bashyam Reddy Street, Cuddalore Ho, PONDICHERRY - 607001"
273,Valli Vilas Nursing Home,5.0,Excellent,Kidney ,"  No 45/2, Bharathi Road, Cuddalore Ho, - 607001 (Also serves PONDICHERRY)"
274,Sun Pharmacy,3.5,Verygood,Kidney ,"  No 3/5, Main Bazaar, Block 19 and Also In Indira Nagar, Neyveli Town Ship, Neyveli - 607801, Near Icici Bank (Also serves PONDICHERRY)"
275,Dr. Sivakumar,4.17,Excellent,Kidney ,"  Saraswathi Hospital No 152a 153, Trichy Road Chinthamani Pudur, Irugur, Coimbatore - 641103, Near Bye Pass Junction (Also serves PONDICHERRY)"
276,Dr. Nachiappan m,5.0,Excellent,Kidney ,"  No 12, , Victoria Nagar E P Chavadi (Also serves PONDICHERRY)"
277,Clinic Nallam,5.0,Excellent,Jaundice,"  No 86, Eswaran Kovil Street, Pondicherry - 605001, Near Easwaran Kovil"
278,PELICAN Pondicherry Endosco..,5.0,Excellent,Jaundice,"  42/3, 100 feet road, Mudaliarpet, Pondicherry - 605004, between RTO office and Sunway GRT Grand hotel"
279,Clinic Nallam,4.1,Excellent,Neurologists,"  No 86, Eswaran Kovil Street, Pondicherry - 605001, Near Easwaran Kovil"
280,Dr. Narendra Agarawal,5.0,Excellent,Paediatricians,"  122, west car street, Villianur, Pondicherry - 605110, opposite to icici atm"
281,VLCC Healthcare Ltd,3.8,Verygood,Dietitians,"  No 54, Sri Aurobindo Street, Pondicherry - 605001, Near Krishna Sweets"
282,Rani Hospital,4.0,Verygood,Dietitians,"  No 27, Vazhudhavur Road, Thattanchavadi, Pondicherry - 605009, Near Rajiv Gandhi Statue"
283,Aum Hospitals,4.3,Excellent,Dietitians,"  No 1, Cholai Nagar Main Road, Muthialpet, Pondicherry - 605003, Sapthagiri Garden Opposite Chinaathal School"
284,Sri Venkateshwara Hospital,3.8,Verygood,Dietitians,"  No 13 A, Pondy Villupuram Main Road, Ariyur, Pondicherry - 605003, Ariyur 605102 villupuram"
285,LIPO Slimming Beauty & Fitn..,4.7,Excellent,Dietitians,"  No 84, 2nd Main Road Vazhudavour Road, Vvp Nagar, Pondicherry - 605009, Near Ashwini Hospital"
286,Dietician Madhavi Kortis Di..,4.7,Excellent,Dietitians,"  C 42, Staff Quarters, Aravind Eye Hospital, Pondicherry, Puducherry, Pondicherry - 605001"
287,Vestige,4.7,Excellent,Dietitians,"  24, Puducherry, V O C Street, Pondicherry - 605001, Near Old Bus Stand"
288,Hemalatha R,4.5,Excellent,Dietitians,"  No 8, Thirumurugan Street, Venkata Nagar, Pondicherry - 605011, Kamarajar Nagar"
289,Subbulakshmi T,4.7,Excellent,Dietitians,"  No 16, Vellalar Street, Villianur, Pondicherry - 605110"
290,A G Dental Clinic,4.6,Excellent,Dentist,"  Sethu Nursing Home, No. 130, 1 Street Floor, Perumal Kovil Street, Pondicherry - 605001, Near Anandha Inn"
291,SSV Smile Kare,5.0,Excellent,Dentist,"  74, Bhraminal Street, Mudaliarpet, Pondicherry - 605004, Near Puthupillayar Temple"
292,Le Dental Implant Centre,4.9,Excellent,Dentist,"  No 18, Vallalar High Road, Venkata Nagar, Pondicherry - 605011, Vankata Nagar Extension"
293,Shakshi Dental Care,5.0,Excellent,Dentist,"  No 166, Lenin Street, Kuyavarpalayam, Pondicherry - 605005, Near Best Needs And Adjacent To Vaniga Vaishya Sri Harihara Bajanai Madam"
294,Ever Smiles,4.9,Excellent,Dentist,"  No, 95, Lenin street, Saram, Pondicherry - 605013, Opp To Krishna Nursing Home"
295,Annai Dental Clinic,4.6,Excellent,Dentist,"  No. 59/A,, East Street, Saram, Pondicherry - 605013, Kamaraj Salai & Lenin Street Junction"
296,Ever Smiles,4.9,Excellent,Dentist,"  No.95, LENIN STREET, kuyavarpalayam, Saram, Pondicherry - 605013, OPP. TO KRISHNA NURSING HOME"
297,Dr. Dentsmile Clinic,4.8,Excellent,Dentist,"  80, Bussy st white town global hospital information centre branch st Joseph's hospital cluny romain rol, Bussy Street, Pondicherry - 605001, Bussy st mission st corner"
298,All Smiles Dental House,5.0,Excellent,Dentist,"  no.616, vazhuthavur road, Dharumapuri, Pondicherry - 605009, Near Dharmapuri Bus Stop"
299,P T Smile Gallery Dental Ca..,4.8,Excellent,Dentist,"  No.36, ECR Road, Auroville, Pondicherry - 605101, Next to Orient Flight School"
300,Rams Dental Hospital,4.8,Excellent,Dentist,"  No 246, 1St Floor, Cuddalore Main Road, Mudaliarpet, Pondicherry - 605004, Near Government Middle School"
301,Dr Abis Dental Care,5.0,Excellent,Dentist,"  2nd Cross ,Sithanandha Nagar, Ellaipillaichavady, Pondicherry - 605005"
302,Jipmer Hospital,4.3,Excellent,Dentist,"  Dhanvantri Nagar, Pondicherry - 605006, Gorimedu"
303,Aum Hospitals,4.3,Excellent,Dentist,"  No 1, Cholai Nagar Main Road, Muthialpet, Pondicherry - 605003, Sapthagiri Garden Opposite Chinaathal School"
304,New Medical Centre,4.1,Excellent,Dentist,"  No 159 &161, Bussy Street, Pondicherry - 605001, Near Chinna Manikoondu"
305,Vasan Dental Care,4.1,Excellent,Dentist,"  Raman Tower, Ecr Main Road, Pondicherry - 605001, Near Rajiv Gandhi Square"
306,Apollo Hospital Information..,4.1,Excellent,Dentist,"  No 79, valudhavur main road, Nellithope, Pondicherry - 605009, Near By Employment office"
307,Pondicherry Institute Of Me..,4.0,Verygood,Dentist,"  Pondicherry University, Pondicherry - 605014, Ganapathichettikulam Kalathumettupathai Kalapet"
308,Rani Hospital,4.0,Verygood,Dentist,"  No 27, Vazhudhavur Road, Thattanchavadi, Pondicherry - 605009, Near Rajiv Gandhi Statue"
309,A G Padmavathi Hospital Pvt..,3.9,Verygood,Dentist,"  No R S 127/ 1 A, Villiayanoor Main Road, Pondicherry - 605001, Arumparthapuram"
310,Government General Hospital,3.9,Verygood,Dentist,"  Ambour Salai, Pondicherry - 605001"
311,Apollo White Dental Clinic,3.9,Verygood,Dentist,"  Door No 268 & 270, Kamaraj Salai, Saram, Pondicherry - 605013, Opposite To Naturals & Hot Bread,Near Old Collectore Office"
312,Sri Venkateshwara Hospital,3.8,Verygood,Dentist,"  No 13 A, Pondy Villupuram Main Road, Ariyur, Pondicherry - 605003, Ariyur 605102 villupuram"
313,Dr. Gunalan a,4.8,Excellent,Dentist,"  No 94, Lal Bahadhur Street, Pondicherry - 605001, chinakadai market near"
314,SUBHA Dental CARE (orthodo..,4.8,Excellent,Dentist,"  No:20, 100 Feet Road, Ellaipillaichavady, Pondicherry - 605005, Opposite to NT Mahal"
315,Purple Dent Care,4.8,Excellent,Dentist,"  No.2, ECR Main Road, Chinnamudaliyar chavadi, Kottakuppam, Pondicherry - 605104, Near Kottakuppam Roundana"
316,Subha Dental Cosmetic Ortho..,4.8,Excellent,Dentist,"  Old No. 19, New No. 20, 100 Feet Road, Ellaipillaichavady, Pondicherry - 605005"
317,Dr. Vinoth Kumar (all Smile..,5.0,Excellent,Dentist,"  No.616, Vazhuthavur Road, Dharumapuri, Pondicherry - 605009, Near Shri Ram Mandapam"
318,Dr. Usha Karthikeyan,3.5,Verygood,Dentist,"  No 73, Kamatchi Amman Koil Street, Pondicherry - 605001"
319,Karewell Dentaire,4.7,Excellent,Dentist,"  10, Rue Du Bazar Saint Laurent, White Town, Pondicherry - 605001, Near Ajantha Sea View Hotel"
320,S.S Dental Clinic & Implant..,4.8,Excellent,Dentist,"  No.180, Cuddalore Main Road, Thavalakuppam, Pondicherry - 605007, Opposite To SRM Homeappliances"
321,A K Dental Clinic,4.7,Excellent,Dentist,"  No 14, Villiyanur Main Road, Nellithope, Pondicherry - 605005, Pavazha Nagar"
322,Ragavan Oral Clinic,4.9,Excellent,Dentist,"  No 50, Canteen Street, Pondicherry - 605001, Kosakadai Street Junction"
323,Dr. Balaji (Vijaya Dental H..,1.0,Verypoor,Dentist,"  #267, Vazhudavoor Road.Land Mark: Near Dental College, Kathirkamam, Pondicherry - 605009"
324,Comfort Dental Care,4.7,Excellent,Dentist,"  No 62, Villianur Main Road, Reddiar Palayam, Pondicherry - 605010, Mulakulam Near Srinivas Towers & Opp To Mulakulam Bus Stop"
325,Chitralaya Dental Clinic,4.0,Verygood,Dentist,"  No 139, Bussy Street, Puducherry H O, Pondicherry - 605001, Near Chinna Manikoondu"
326,Gvan Clinic,5.0,Excellent,Dentist,"  No 308, vazthavoor Road, Kathirkamam, Pondicherry - 605009, Near Indra Gandhi hospital"
327,Future Dental Art,5.0,Excellent,Dentist,"  No 59, Kondareddiyar Street, Reddiar Palayam, Pondicherry - 605010"
328,Gnanam Medical & Clinic,5.0,Excellent,Dentist,"  No:49, Villainur Main Road, Pavazha Nagar, Nellithope, Pondicherry - 605005, Opp to Ezhainagathamman Kovil"
329,VI Kare Dental Clinic,2.0,Poor,Dentist,"  No 42, Lawspet Main Road, Lawspet, Pondicherry - 605008, Pakkamudianpet"
330,Ever Smiles Dental Clinic,5.0,Excellent,Dentist,"  No 95, Lenin Street, Kosapalayam, Pondicherry - 605013, Opposite Krishna Nursing Home"
331,Limra Dental Care,5.0,Excellent,Dentist,"  New Saram, Naveena Garden, Puducherry, Saram, Pondicherry - 605013"
332,Dr. Baskar k,3.5,Verygood,Dentist,"  No 63 1st Floor, Mariamman Koil Street, Lawspet, Pondicherry - 605008, Kottupalayam"
333,Lakshmi Dental Health Care,2.3,Good,Dentist,"  No.1, Tagore Nagar, Lawspet Pondicherry, Pondicherry - 605008"
334,Visalakshmi Dental Health &..,3.5,Verygood,Dentist,"  No 2/2, Vallalar Salai 45 Feet Road, Venkata Nagar, Pondicherry - 605011"
335,Dr. Arun Kumar,5.0,Excellent,Dentist,"  C/O , Vasan Dental Care, Raman Tower, Ecr Main Road, Pondicherry - 605001, Near Rajiv Gandhi Sqaure"
336,Sarovar Mouth Care Centre,4.7,Excellent,Dentist,"  No.250, Bussy Street, Pondicherry - 605001, Nr kamban kalai aranagam"
337,Outtamane Dental Clinic,4.5,Excellent,Dentist,"  #40, Badar Sahib Street, Pondicherry - 605001, Near Old Bus Stand"
338,Shifaya Multispeciality Den..,5.0,Excellent,Dentist,"  Rain Hospital,#70, Pettalyanchatiram, Vazhudavur Main Road, Pondicherry - 605004"
339,Dr. Suresh Babu (Ksb Dental..,5.0,Excellent,Dentist,"  C/o Ksb Dental Clinic,49, Rodiar Mill Street, Mudaliarpet, Pondicherry - 605004"
340,Dr. Ramesh Babu K,2.5,Good,Dentist,"  No 42 Vilvam Speciality Clinic, Easwaran Koil Street, Pondicherry - 605001, Mission Street Cutting"
341,Dent O Zone Dental Clinic,5.0,Excellent,Dentist,"  38, Shankardass Street, Pondicherry - 605001, Backside to Max Showroom"
342,Dentale Multispeciality Den..,4.5,Excellent,Dentist,"  Villiyanur main road, Sulthanpet, Villianur, Pondicherry - 605110, Next to SLS Furnitures"
343,M S Dental Care Clinic,4.5,Excellent,Dentist,"  No 211, M G Road, Muthialpet, Pondicherry - 605003"
344,Dr. K Kusheed Banu (banu De..,1.0,Verypoor,Dentist,"  C/o Banu Dental Clinic,No. 23/4, East Car Street, Villianur, Pondicherry - 605110"
345,Dr. Sankar K,4.5,Excellent,Dentist,"  No 209-A, Nethaji Road, Cuddalore HO, PONDICHERRY - 607001"
346,Smile Dental Clinic,3.3,Verygood,Dentist,"  No 126/4, Perumal Koil Street, Puducherry H O, Pondicherry - 605001, Bharathy Street Junction"
347,Dr. Pranavadhyani g,3.4,Verygood,Dentist,"  No 50 Ragavan Oral Clinic, Canteen Street, Pondicherry - 605001, Opposite ELLE Boutique"
348,Dr. Sathianarayanan C (Cert..,5.0,Excellent,Dentist,"  No 180 & 181 Certh India Hospital, Gingee Salai, Colas Nagar, Pondicherry - 605001, Behind Indira Gandhi Stadium, Dubrayapet"
349,Agar Clinic,3.0,Good,Dentist,"  No 43, Bussy Street, Puducherry H O, Pondicherry - 605001, Bouleward"
350,Dr. Thangavelu a,5.0,Excellent,Dentist,"  No 100, Easwaran Koil Street 45th Chetty Street, Pondicherry - 605001, Anna Salai"
351,Dr. Shakila R (Ragavan Oral..,5.0,Excellent,Dentist,"  C/o Ragavan Oral Clinic No 50, Canteen Street, Pondicherry - 605001, Near Kosakadai Street Corner Building"
352,SRM Dental Hospital,4.0,Verygood,Dentist,"  Vazhudhavur Road, V.v.p. Nagar, Thattanchavadi, Pondicherry - 605009, Near To Krishna Hot Chips"
353,Dr. Vishnu Prasad T L,4.1,Excellent,Dentist,"  No 42, Lawspet Main Road, Lawspet Pondicherry, Pondicherry - 605008, Pakkamudianpet"
354,Deepan Dental Clinic,4.0,Verygood,Dentist,"  No 1 A Block, Puducherry H O, Pondicherry - 605001"
355,Dr. Rajagopal V,4.1,Excellent,Dentist,"  No 150, Cuddalore Road, Mudaliarpet, Pondicherry - 605004"
356,DR. SMILEZ ADVANCED DENTAL ..,3.5,Verygood,Dentist,"  No.2, Jawaharlal Nehru, White Town, Pondicherry - 605001, Opp. Raj Niwas(Lt. Governor's House)"
357,Dr. Shymala,4.0,Verygood,Dentist,"  C-2 Pondicherry Co-Op Sugar Mill Quarters, Katterikuppam, Pondicherry - 605502"
358,Bright Smiles Dental Care,4.1,Excellent,Dentist,"  No 69/125A, M G Road, Kottakuppam, Pondicherry - 605104, Near Post Office"
359,Vijaya Dental Health Cure,5.0,Excellent,Dentist,"  No:267, Vazhudavour Road, Kathirkamam, Pondicherry - 605009, Near Indhira Gandhi Arts College"
360,Dr. Siva Prasad D (Vijaya D..,4.0,Verygood,Dentist,"  C/O Vijaya Dental Health Cure,No:267, Vazhudavour Road, Kathirkamam, Pondicherry - 605009, indhragandhi arts collage"
361,Dr. Sivaprasad.D (Vijaya De..,4.1,Excellent,Dentist,"  #267, Vazhudavoor Road.Land Mark: Near Dental College, Kathirkamam, Pondicherry - 605009"
362,Dr. Varsha Murthy (Vijaya D..,4.0,Verygood,Dentist,"  #267, Vazhudavoor Road.Land Mark: Near Dental College, Kathirkamam, Pondicherry - 605009"
363,"Dr. Soorya.K,V (Vijaya Dent..",4.1,Excellent,Dentist,"  #267, Vazhudavoor Road.Land Mark: Near Dental College, Kathirkamam, Pondicherry - 605009"
364,Dr. Selvaganapathy J,4.0,Verygood,Dentist,"  No:11 Pavender Street, Gandhi Nagar, Pondicherry - 605009"
365,Dr. Yuvaraj. V (Vijaya Dent..,4.1,Excellent,Dentist,"  No:267, Vazhudavour Road, Kathirkamam, Pondicherry - 605009, Near Indhira Gandhi Arts College"
366,Gvan Dental Clinic,4.0,Verygood,Dentist,"  #353, Sookanathanpet, Mottoupalayam, Vazhudavur Road, Pondicherry - 605009, Near Tamizh Thirumana Maaligai"
367,Dental Clinic,4.1,Excellent,Dentist,"  No. 33, Kathirkamam, Vazhudavur Road, Kathirkamam, Pondicherry - 605009, Near Arrack Shop"
368,Shifaya Dental Care,4.0,Verygood,Dentist,"  Vedapureeswarar Varadaraja Perumal Nagar, Puducherry, Vazhudavoor Road, Pondicherry - 605009"
369,Dr. Gnanasundari m,4.1,Excellent,Dentist,"  No 140, Main Road, Lawspet, Pondicherry - 605008"
370,Smile Studio,4.0,Verygood,Dentist,"  G1 Lotus Grace, Saradhambal Nagar, Ellaipillaichavady, Pondicherry - 605005, Near Social Welfare Department"
371,Gem Dental Care,4.1,Excellent,Dentist,"  #363/437, Ramany Complex, Muthirarpalayam, Vazhuthavur Road, Pondicherry - 605009"
372,SRM Dental Clinic,4.0,Verygood,Dentist,"  #24, Villanur Main Road, Ellaipillaichavady, Pondicherry - 605005, Near Vivekananda Nagar"
373,Sri Balaji Dental Clinic,4.1,Excellent,Dentist,"  Ulavarkarai,#156, Ulavarkarai Friends Nagar, Villianur Main Road, Pondicherry - 605010"
374,Srm Dental Clinic,4.0,Verygood,Dentist,"  24, Villinur Main Road, Ellaipillaichavady, Pondicherry - 605005, Near Ig Statue"
375,Jai Sarguru Dental Clinic,4.1,Excellent,Dentist,"  No 6 2nd Cross, Jawahar Nagar, Kavery Nagar, Reddiar Palayam, Pondicherry - 605005"
376,JAI Sarguru Dental Clinic,3.3,Verygood,Dentist,"  No 87 P-34 Natrajan Complex, Villianur Main Road, Reddiar Palayam, Pondicherry - 605010, Azeez Nagar"
377,Vikare Dental Clinic,4.0,Verygood,Dentist,"  42, Lawspet Main Road, Pakkamudayanpet, Puducherry, Saram, Pondicherry - 605013, Near Rajiv Gandhi Statue"
378,Easwari Dental Care Centre,4.1,Excellent,Dentist,"  #34, Bajanaimadan Street, Vennila Nagar, Pondicherry - 605013"
379,Dee Jay Dental Care Center,4.0,Verygood,Dentist,"  Permul Raja Garden, Villiayanur Main Road, #10, Reddiar Palayam, Pondicherry - 605004"
380,R.k.dental Clinic,4.1,Excellent,Dentist,"  No.548, Vazhudavur Road, Muthirayarpalayam, Pondicherry - 605009, Near Sakthi Medicals"
381,Subi Dental Clinic,4.0,Verygood,Dentist,"  Villianur Main Road, Moolakulam, Pondicherry - 605010, Next To Reliance Fresh"
382,Dr. M Senthil (Comfort Dent..,4.1,Excellent,Dentist,"  No.62, Villianur Main Road, Mulakulam Near Srinivas Towers, Opp To Mulakulam Bus Stop, Reddiarpalaya, Reddiyarpalayam, Pondicherry - 605010"
383,Sri Saraswathi Dental Healt..,4.0,Verygood,Dentist,"  Sir Vijaya Medicals,#352, Upstair, Villianur Road, Puducherry, Nellithope, Pondicherry - 605005"
384,Tru Dent,4.1,Excellent,Dentist,"  No 142, ECR main road, Lawspet, Pondicherry - 605008, Opposite to happy mother granite"
385,Sri Padmavathy Thayar Denta..,4.0,Verygood,Dentist,"  No 51, Thiruvalluvar Salai, Saram, Pondicherry - 605013, Near Nellithope Signal"
386,Dr. Thomas Edvin Raj B (ann..,4.0,Verygood,Dentist,"  C/o Annai Dental Clinic,No 63, East Street, Saram, Pondicherry - 605013"
387,Vishnu Dhanvanthri Dental C..,4.1,Excellent,Dentist,"  #240, Lenin, Kodapalayam, Puducherry, Street, Pondicherry - 605013, Opposite To Monimegalai School"
388,G.s. Dental Care,4.0,Verygood,Dentist,"  No. 389 Kamaraj Salai, Naveena Garden, Brindavan Colony, Pondicherry - 605013"
389,Dr. Mullaivizi Manoharan,4.1,Excellent,Dentist,"  59-A Mettu Street Kurusukuppam, Kurumbapet, Pondicherry - 605009"
390,Apollo Hospital Information..,4.1,Excellent,Cosmetologist,"  No 79, valudhavur main road, Nellithope, Pondicherry - 605009, Near By Employment office"
391,Manobalan Skin Care Clinic,5.0,Excellent,Cosmetologist,"  No. 43, 1 St Floor,, Injanji Mesthri Street, Pondicherry - 605003, Back Side to Rosma Marriage Hall"
392,Dr. Mohan Kumar s,4.4,Excellent,Cosmetologist,"  No 15 Mohan Clinic, 2nd Cross Street, Nellithope, Pondicherry - 605005, Nadesan Nagar West"
393,Dr. Balaji B Makkena (East ..,4.5,Excellent,Cosmetologist,"  C/O East Coast Hospitals No 1, Moolakulam, Pondicherry - 605010, Near Vasantha Raja Theatre, Paris Nagar"
394,L K Nursing Home,4.3,Excellent,Paediatricians,"  No 370, 2nd Main Road Mahaveer Nagar, Lawspet, Pondicherry - 605008, Near Lawspet Police Station"
395,Sri Venkateshwaraa Medical ..,4.1,Excellent,Paediatricians,"  13 A, Pondicherry Villupuram Main Road Ariyur, Pondicherry - 605001, Ariyur"
396,Aayush Health Care Centre,4.4,Excellent,Paediatricians,"  No 60, Perumalnaidu Street, Muthialpet, Pondicherry - 605003, Near Muthialpet Market Bus Stop"
397,Dr. Narendra Agarawal,5.0,Excellent,Paediatricians,"  122, west car street, Villianur, Pondicherry - 605110, opposite to icici atm"
398,Dr. Batras Healthcare Clini..,4.0,Excellent,Paediatricians,"  No- 1, Sakthi Tower First Floor, Villianur Road, Villianur, Pondicherry - 605110, Opposite Vasan Eye Care Hospital, Near Indira Gandhi Statue Circle"
399,Viroga Ayurvedic Clinic And..,4.9,Excellent,Paediatricians,"  No 11 5th cross, Gnanaprakashan Nagar, Lawspet, Pondicherry - 605008, Opposite Filo Hotel"
400,Puduvai Life Line Hospital,4.4,Excellent,Paediatricians,"  No 36 A, Airport Main Road, Lawspet, Pondicherry - 605008"
401,Jipmer Hospital,4.3,Excellent,Paediatricians,"  Dhanvantri Nagar, Pondicherry - 605006, Gorimedu"
402,Aum Hospitals,4.3,Excellent,Paediatricians,"  No 1, Cholai Nagar Main Road, Muthialpet, Pondicherry - 605003, Sapthagiri Garden Opposite Chinaathal School"
403,St Joseph Cluny Hospital,4.1,Excellent,Paediatricians,"  No 16, Roam Rolland Street, Pondicherry - 605001"
404,Ashwini Maternity Hospital,4.1,Excellent,Paediatricians,"  No 90, Vazhudavur Main Road, Thattanchavadi, Pondicherry - 605009, Vvp Nagar"
405,Apollo Hospital Information..,4.1,Excellent,Paediatricians,"  No 79, valudhavur main road, Nellithope, Pondicherry - 605009, Near By Employment office"
406,Pondicherry Institute Of Me..,4.0,Verygood,Paediatricians,"  Pondicherry University, Pondicherry - 605014, Ganapathichettikulam Kalathumettupathai Kalapet"
407,Rani Hospital,4.0,Verygood,Paediatricians,"  No 27, Vazhudhavur Road, Thattanchavadi, Pondicherry - 605009, Near Rajiv Gandhi Statue"
408,Be Well Hospitals,3.7,Verygood,Paediatricians,"  No 15, East Coast Road, Lawspet Pondicherry, Pondicherry - 605008, Green Gardens"
409,Dr. Ayyappan K,4.4,Excellent,Paediatricians,"  No 211, Bussy Street, Pondicherry - 605001"
410,Sri Venkateshwara Hospital,3.8,Verygood,Paediatricians,"  No 13 A, Pondy Villupuram Main Road, Ariyur, Pondicherry - 605003, Ariyur 605102 villupuram"
411,Dr. Uma Maheshwari S,4.8,Excellent,Paediatricians,"  No 2/A, New Street, Puthupet, Rajaji Nagar, Lawspet Pondicherry, Pondicherry - 605008"
412,Dr. Dhandapani N L,4.2,Excellent,Paediatricians,"  No 44, Mettu Street, Kosapalayam, Pondicherry - 605013"
413,Viji Clinic,4.4,Excellent,Paediatricians,"  No 288, Kamaraj Salai, Saram, Pondicherry - 605013, Opposite Shanmuga Thirumana Mandapam & Near Rajiv Gandhi Statue"
414,Dr. Murali r,4.2,Excellent,Paediatricians,"  No 77, Ambedkar Salai, Nellithope, Pondicherry - 605005"
415,Dr. Arnabdey,4.7,Excellent,Paediatricians,"  No 315, Mission Street, Puducherry H O, Pondicherry - 605001"
416,Dr. Augustine Paul R m,5.0,Excellent,Paediatricians,"  No 19, Villianur Road, Nellithope, Pondicherry - 605005, Victoria Nagar Opposite Aryas Hotel & Near Casino Bakery"
417,Chithra Medical Group,4.2,Excellent,Paediatricians,"  No.75, Third Cross, Paris Nagar, pondicherry 605010, Moolakulam, Pondicherry - 605010, Near East Coast Hospital"
418,Dr. Namachivayam V,4.8,Excellent,Paediatricians,"  No 14-A, Bashiam Reddy Street, Cuddalore HO, PONDICHERRY - 607001"
419,Senthil Womens & Child Hosp..,5.0,Excellent,Paediatricians,"  No 9 & 10, Thillai Maistry Street, Pondicherry - 605001, Near M G Road"
420,Dr. Nellian A R,3.4,Verygood,Paediatricians,"  No 2, Police Street, Mudaliarpet, Pondicherry - 605004"
421,Pondicherry Speciality Cent..,4.0,Verygood,Paediatricians,"  No 4, 4th Cross, Anna Nagar, Pondicherry - 605005, Near Housing Board Office"
422,Dr. Nalini (Pondicherry Spe..,5.0,Excellent,Paediatricians,"  C/O Pondicherry Speciality Centre No 4, 4th Cross, Anna Nagar, Pondicherry - 605005, Near Housing Board Office"
423,Mangai Medical Centre,5.0,Excellent,Paediatricians,"  No. 7, Pondy Main Roadd, Koot Road, Pondicherry - 605111, Mangai Medical"
424,Dr. Narayanan m,5.0,Excellent,Paediatricians,"  No 169-B, Nethaji Road, Cuddalore HO, PONDICHERRY - 607001"
425,Dr. Karunanidhi m,4.1,Excellent,Paediatricians,"  No 288 C/O Viji Clinic, Kamaraj Salai, Saram, Pondicherry - 605013, Opposite Shanmuga Thirumana Mandapam & Near Rajiv Gandhi Statue"
426,Dr. Prabha Ravishankar r,4.1,Excellent,Paediatricians,"  No 137, villiyanor main road,reddiyar palaiyam, Reddiar Palayam, Pondicherry - 605010, kamban nagar bus stop"
427,Dr. Edith B Jasmin,4.0,Verygood,Paediatricians,"  No 487, M G Road, Puducherry H O, Pondicherry - 605001"
428,Dr. Devadas a,4.0,Verygood,Paediatricians,"  No 105, 6th Main Street, Mudaliarpet, Pondicherry - 605004, Bharathidasan Nagar"
429,Dr. Janaki k,3.7,Verygood,Paediatricians,"  No 34 Sowbagya Apartments, Vallalar Salai, Pondicherry - 605001"
430,Dr. Nalini,4.4,Excellent,Paediatricians,"  No 20 & 21, 2nd cross, Pondicherry Bazaar, Pondicherry - 605001, Anna Nagar Opposite Housing Board"
431,Dr. Mina Shah,3.8,Verygood,Paediatricians,"  No 37, Manakula Vinayaka Street, Pondicherry - 605001, Near Ashram & Vinayagar Kovil"
432,Lakshmi Clinic,4.8,Excellent,Paediatricians,"  No 200, Chetty Street, Puducherry H O, Pondicherry - 605001, Anna Salai"
433,Dr. Duraiswamy,4.2,Excellent,Paediatricians,"  No 69, Aurobindo Street, Pondicherry - 605003, calve college opp"
434,Dr. Balachandran C s,4.4,Excellent,Paediatricians,"  No 33, North Car Street, Chidambaram H O, PONDICHERRY - 608001"
435,SAI Sandhya Clinic,4.2,Excellent,Paediatricians,"  No 243, Vazhudavur Road, Thattanchavadi, Pondicherry - 605009, Kathirkamam"
436,Dr. Anand M (Anand Clinic) ..,4.7,Excellent,Paediatricians,"  Anand Clinic No 175, Lenin Street, Kosapalayam, Pondicherry - 605013"
437,Dr. Ravi Kannan (East Coast..,5.0,Excellent,Paediatricians,"  No 90, Thiruvalluvar Salai, Saram, Pondicherry - 605013, Near Naveena Theatre GardenPillai Thottam"
438,Dr. Sathya Veni (East Coast..,4.2,Excellent,Paediatricians,"  No 90, Thiruvalluvar Salai, Saram, Pondicherry - 605013, Near Naveena Theatre GardenPillai Thottam"
439,Dr. Sathyaveni Murugesan (E..,4.8,Excellent,Paediatricians,"  C/O East Coast Hospitals No 1, Moolakulam, Pondicherry - 605010, Near Vasantha Raja Theatre, Paris Nagar"
440,Dr. Ravi Kannah (East Coast..,5.0,Excellent,Paediatricians,"  C/O East Coast Hospitals No 1, Perambai Road, Moolakulam, Pondicherry - 605010, Near Vasantha Raja Theatre, Paris Nagar"
441,Dr. Chandrakumar Shah (East..,3.4,Verygood,Paediatricians,"  C/O East Coast Hospitals No 1, Perambai Road, Moolakulam, Pondicherry - 605010, Near Vasantharaja Cinema Hall, Paris Nagar"
442,Dr. N.Dinesh Kumar (Kumaran..,4.0,Verygood,Paediatricians,"  #215, Ok Palayam, Mudaliarpet, Mudaliarpet, Pondicherry - 605004, Buvancare Street"
443,Dr. Anand M (Anand Clinic) ..,5.0,Excellent,Paediatricians,"  Anand Clinic No 70, Lawspet Main Road, Lawspet, Pondicherry - 605008"
444,Adisha Clinic,5.0,Excellent,Paediatricians,"  No 101, Yannai Venkatachalam Street, Puducherry H O, Pondicherry - 605001"
445,Dr. Anand Arokiaraj (l K Nu..,5.0,Excellent,Paediatricians,"  Mahaveer Nagar, Lawspet, Pondicherry - 605008, Near Lawspet Police Station"
446,Dr. Chidambaram (New Medica..,5.0,Excellent,Paediatricians,"  C/O New Medical Centre No 470, M G Road, Pondicherry - 605001"
447,Sathya SAI Surgical Clinic,3.4,Verygood,Paediatricians,"  No 211, Bussy Street, Puducherry H O, Pondicherry - 605001"
448,Dr. Krishnamurthy P S,4.0,Verygood,Paediatricians,"  No 217, Nethaji Road, Manjakuppam, PONDICHERRY - 605001"
449,Dr. Vijaya Balagandan,5.0,Excellent,Paediatricians,"  No 324, M G Road, Pondicherry - 605001, Opposite Petit Seminar School"
450,Iyyapan Surgeon,5.0,Excellent,Paediatricians,  Pondicherry - 605001
451,Dr. Thiroumourougane Serane..,5.0,Excellent,Paediatricians,"  C/O A G Padmavathi Hospital R S 127/ 1 A, Villiayanoor Main Road, Arumparthapuram, Pondicherry - 605110"
452,Dr. Gowthaman m,5.0,Excellent,Paediatricians,"  No 37, Bashayam Street, Cuddalore Ho, PONDICHERRY - 607001"
453,Dr. Rajakumar P g,5.0,Excellent,Paediatricians,"  No 42, Nethaji Road, Cuddalore Ho, PONDICHERRY - 607001"
454,A G Dental Clinic,4.6,Excellent,Paedodontist Doctors,"  Sethu Nursing Home, No. 130, 1 Street Floor, Perumal Kovil Street, Pondicherry - 605001, Near Anandha Inn"
455,Le Dental Implant Centre,4.9,Excellent,Paedodontist Doctors,"  No 18, Vallalar High Road, Venkata Nagar, Pondicherry - 605011, Vankata Nagar Extension"
456,SSV Smile Kare,5.0,Excellent,Paedodontist Doctors,"  74, Bhraminal Street, Mudaliarpet, Pondicherry - 605004, Near Puthupillayar Temple"
457,Ever Smiles,4.9,Excellent,Paedodontist Doctors,"  No, 95, Lenin street, Saram, Pondicherry - 605013, Opp To Krishna Nursing Home"
458,Ever Smiles,4.9,Excellent,Paedodontist Doctors,"  No.95, LENIN STREET, kuyavarpalayam, Saram, Pondicherry - 605013, OPP. TO KRISHNA NURSING HOME"
459,Shakshi Dental Care,5.0,Excellent,Paedodontist Doctors,"  No 166, Lenin Street, Kuyavarpalayam, Pondicherry - 605005, Near Best Needs And Adjacent To Vaniga Vaishya Sri Harihara Bajanai Madam"
460,Annai Dental Clinic,4.6,Excellent,Paedodontist Doctors,"  No. 59/A,, East Street, Saram, Pondicherry - 605013, Kamaraj Salai & Lenin Street Junction"
461,Dr. Dentsmile Clinic,4.8,Excellent,Paedodontist Doctors,"  80, Bussy st white town global hospital information centre branch st Joseph's hospital cluny romain rol, Bussy Street, Pondicherry - 605001, Bussy st mission st corner"
462,P T Smile Gallery Dental Ca..,4.8,Excellent,Paedodontist Doctors,"  No.36, ECR Road, Auroville, Pondicherry - 605101, Next to Orient Flight School"
463,SUBHA Dental CARE (orthodo..,4.8,Excellent,Paedodontist Doctors,"  No:20, 100 Feet Road, Ellaipillaichavady, Pondicherry - 605005, Opposite to NT Mahal"
464,Purple Dent Care,4.8,Excellent,Paedodontist Doctors,"  No.2, ECR Main Road, Chinnamudaliyar chavadi, Kottakuppam, Pondicherry - 605104, Near Kottakuppam Roundana"
465,Sri Padmavathy Thayar Denta..,4.0,Verygood,Paedodontist Doctors,"  No 51, Thiruvalluvar Salai, Saram, Pondicherry - 605013, Near Nellithope Signal"
466,Giggles Dental Care,4.1,Excellent,Paedodontist Doctors,"  144 Bharathiyar Street, Bharathiyar Street, Lawspet Pondicherry, Pondicherry - 605008, Opp to Pondy Surgery"
467,Smilekraft Dentaire,4.2,Excellent,Paedodontist Doctors,"  No.136, GK complex, bussey street, Bussy Street, Pondicherry - 605001, opposite chinna mani kundu"
468,Lebraces Dental Hospital,4.3,Excellent,Paedodontist Doctors,"  No 26, 14th Cross Street, Pondicherry - 605001, Opp to Rajiv Gandhi Hospital"
469,Dr. R Mohammed Assif,4.4,Excellent,Paedodontist Doctors,"  15, Main Road,, Nellikuppam, Cuddalore - 607105 (Also serves PONDICHERRY)"
470,Dr. Shanmuga Kani a,4.5,Excellent,Paedodontist Doctors,"  No 7, Main Road, Nellikuppam, Cuddalore - 607105 (Also serves PONDICHERRY)"
471,Le Pearl Dental Clinic,5.0,Excellent,Paedodontist Doctors,"  No 28 Priyanka Complex, Kumbakonam Main Road Indra Nagar, Neyveli 1, Neyveli - 607801, Opp To Kanniga Parameswari Garments (Also serves PONDICHERRY)"
472,First Step Home Healthcare,4.9,Excellent,Paediatric Physiotherapist ,"  No 169 DSundararaju Chettiar Complex, Cuddalore Road, Mudaliarpet, Pondicherry - 605004, Opposite to Ganesh Restaurant"
473,TONES & BONES MULTI Special..,5.0,Excellent,Paediatric Physiotherapist ,"  No 28, Bharathi Mill Road, Mudaliarpet, Mudaliarpet, Pondicherry - 605004"
474,Anandha Physiotherapy,5.0,Excellent,Paediatric Physiotherapist ,"  No. 24, 100 Feet Road, Nadesan Nagar, Nellithope, Pondicherry - 605005, Near IG Square"
475,Active Life,4.9,Excellent,Paediatric Physiotherapist ,"  No.16, 15 th Cross, 0, Lawspet Pondicherry, Pondicherry - 605008, Near Thillai Appartments"
476,Sri Juna Physio Cure,5.0,Excellent,Paediatric Physiotherapist ,"  No-111, Laspat Main Road, Lawspet Pondicherry, Pondicherry - 605008, Selva Vinayagar Koil"
477,Sara Physiotherapy Clinic,5.0,Excellent,Paediatric Physiotherapist ,"  5, 3rd main road, kumaran nagar, lawspet, Lawspet, Pondicherry - 605008, near navalar auto sand"
478,Sri Venkateshwaraa Medical ..,4.1,Excellent,Paediatric Cardiologist,"  13 A, Pondicherry Villupuram Main Road Ariyur, Pondicherry - 605001, Ariyur"
479,Apollo Hospital Information..,3.5,Verygood,Paediatric Cardiologist,"  No.60, 100 Feet Road, Ellaipillaichavady, Pondicherry - 605005, Opp to N.T Mahal"
480,Manimaranes Clinic,5.0,Excellent,Paediatric Cardiologist,"  No 29 4th Cross, Anandha Rangapillai Nagar, Lawspet, Pondicherry - 605008, Near to alpha residency"
481,Dr S Anandaraja,0.5,Verypoor,Paediatric Cardiologist,"  No 297, Mahatma Gandhi Road, Muthialpet, Pondicherry - 605003"
482,Neomed Hospital(Dr Sivabala..,0.5,Verypoor,Paediatric Cardiologist,"  no 58b bharathi street thiruvalluvar nagar, Bharathi Street-venkata Nagar, Pondicherry - 605003"
483,U S Heart Care,0.6,Verypoor,Paediatric Cardiologist,"  No 297, Mahatma Gandhi Road, Muthialpet, Pondicherry - 605003"
484,Tresor Nursing Home,4.2,Excellent,Pathologists,"  No 9, St Louis Street, Pondicherry - 605001"
485,Dr. Nirodh Pal Choudary,4.2,Excellent,Pathologists,"  No 6 Tresor Nursing Home, St Louis Street, Pondicherry - 605001"
486,Dr. Veena K S ,0,Verypoor,Paediatric Orthopaedic,"  C/O Aravind Eye Hospitals No C 33, Cuddalore Main Road, Thavalakuppam, Pondicherry - 605007"
487,Dr. Marie Fredrick ,0,Verypoor,Paediatric Orthopaedic,"  C/O Aravind Eye Hospital, Cuddalore Main Road, Thavalakuppam, Pondicherry - 605007"
488,Dr. Anjali Khadia ,0,Verypoor,Paediatric Orthopaedic,"  C/O Aravind Eye Hospital, Cuddalore Main Road, Thavalakuppam, Pondicherry - 605007"
489,Simha Hearing Aids And Spee..,4.6,Excellent,Paediatric ENT Doctors,"  No 352 Vijaya Complex 1st Floor, Villianur Main Road, Nellithope, Pondicherry - 605005, Opposite Fish Market"
490,United Care Hearing Aids & ..,4.8,Excellent,Paediatric ENT Doctors,"  No 48, Badar Saib Street, Pondicherry Bazaar, Pondicherry - 605001, Behind Old Bus Stand"
491,Decibel Audiology Centre He..,4.7,Excellent,Paediatric ENT Doctors,"  No 216, Bussy Street, Bussy Street, Pondicherry - 605001, Opposite Anjappar Hotel"
492,Dr. Kulandaivelu S,4.6,Excellent,Paediatric ENT Doctors,"  No 6, 45 Feet Road, Venkata Nagar, Pondicherry - 605011, Rajarajeswari Nagar,Near French Corner Bakery,"
493,Dr. N D Rajan(simha Hearing..,4.7,Excellent,Paediatric ENT Doctors,"  No 352 Vijaya Complex 1st Floor, Villianur Main Road, Nellithope, Pondicherry - 605005, Opposite Fish Market"
494,Aum Speciality Clinics,4.8,Excellent,Paediatric ENT Doctors,"  No 2c, Jawaherlal Nehru Street, Pondicherry - 605001, Behind Raj Niwas"
495,Sri Shruthi Clinic,5.0,Excellent,Paediatric ENT Doctors,"  No.44, Kumara koil street, Old Town, Cuddalore - 607003, Near kumaran temple (Also serves PONDICHERRY)"
496,Thangam Cancer Centre,4.0,Verygood,Orthodontist ,"  0, Karur - 639004, Near Namakkal"
497,Abishek Ortho Centre,4.0,Verygood,Orthodontist ,"  5/300,Ashok Nagar, Covai Road Andan Koil East, Thanthonimalai, Karur - 639005, Behind Chakra Honda Showroom"
498,Avvai Homeopathy & Psycholo..,5.0,Excellent,Orthodontist ,"  No 32/9, North pradhakshnam road, Karur - 639001, Opposite Thinnappa Theatre"
499,Abishek Ortho Centre,4.7,Excellent,Orthodontist ,"  5/300, Ashok Nagar Covai Road Andan Koil East, Karur - 639001, Behind Chakra Honda Showroom"
500,Smile Avenue Dental Care,5.0,Excellent,Orthodontist ,"  Shop No: 67 Chellam Complex, Karur West, Karur - 639001, South Narasimapuram Near Meenashi Skin Hospital Opposite Jai Children Hospital"
501,ASSJ Chidambaram Dental Hos..,2.8,Good,Orthodontist ,"  No 2, Chairman Ramanujam Street, Karur - 639001, Opposite Kamatchi Amman Temple"
502,Dental Orthodontic & Implan..,2.4,Good,Orthodontist ,"  14-G, Pradhakshnam Road,, North Pradhakshnam Road,, Karur - 639001, thinnappa theatre near"
503,Simha Hearing Aids And Spee..,4.6,Excellent,Paediatric ENT Doctors,"  No 352 Vijaya Complex 1st Floor, Villianur Main Road, Nellithope, Pondicherry - 605005, Opposite Fish Market"
504,United Care Hearing Aids & ..,4.8,Excellent,Paediatric ENT Doctors,"  No 48, Badar Saib Street, Pondicherry Bazaar, Pondicherry - 605001, Behind Old Bus Stand"
505,Decibel Audiology Centre He..,4.7,Excellent,Paediatric ENT Doctors,"  No 216, Bussy Street, Bussy Street, Pondicherry - 605001, Opposite Anjappar Hotel"
506,Dr. Kulandaivelu S,4.6,Excellent,Paediatric ENT Doctors,"  No 6, 45 Feet Road, Venkata Nagar, Pondicherry - 605011, Rajarajeswari Nagar,Near French Corner Bakery,"
507,Dr. N D Rajan(simha Hearing..,4.8,Excellent,Paediatric ENT Doctors,"  No 352 Vijaya Complex 1st Floor, Villianur Main Road, Nellithope, Pondicherry - 605005, Opposite Fish Market"
508,Aum Speciality Clinics,4.7,Excellent,Paediatric ENT Doctors,"  No 2c, Jawaherlal Nehru Street, Pondicherry - 605001, Behind Raj Niwas"
509,Sri Shruthi Clinic,5.0,Excellent,Paediatric ENT Doctors,"  No.44, Kumara koil street, Old Town, Cuddalore - 607003, Near kumaran temple (Also serves PONDICHERRY)"
510,Simha Hearing Aids And Spee..,4.6,Excellent,Paediatric ENT Doctors,"  No 352 Vijaya Complex 1st Floor, Villianur Main Road, Nellithope, Pondicherry - 605005, Opposite Fish Market"
511,United Care Hearing Aids & ..,4.8,Excellent,Paediatric ENT Doctors,"  No 48, Badar Saib Street, Pondicherry Bazaar, Pondicherry - 605001, Behind Old Bus Stand"
512,Decibel Audiology Centre He..,4.7,Excellent,Paediatric ENT Doctors,"  No 216, Bussy Street, Bussy Street, Pondicherry - 605001, Opposite Anjappar Hotel"
513,Dr. Kulandaivelu S,4.6,Excellent,Paediatric ENT Doctors,"  No 6, 45 Feet Road, Venkata Nagar, Pondicherry - 605011, Rajarajeswari Nagar,Near French Corner Bakery,"
514,Dr. N D Rajan(simha Hearing..,4.8,Excellent,Paediatric ENT Doctors,"  No 352 Vijaya Complex 1st Floor, Villianur Main Road, Nellithope, Pondicherry - 605005, Opposite Fish Market"
515,Aum Speciality Clinics,4.7,Excellent,Paediatric ENT Doctors,"  No 2c, Jawaherlal Nehru Street, Pondicherry - 605001, Behind Raj Niwas"
516,Sri Shruthi Clinic,5.0,Excellent,Paediatric ENT Doctors,"  No.44, Kumara koil street, Old Town, Cuddalore - 607003, Near kumaran temple (Also serves PONDICHERRY)"
517,Thangam Cancer Centre,4.0,Excellent,Orthodontist ,"  0, Karur - 639004, Near Namakkal"
518,Abishek Ortho Centre,4.0,Excellent,Orthodontist ,"  5/300,Ashok Nagar, Covai Road Andan Koil East, Thanthonimalai, Karur - 639005, Behind Chakra Honda Showroom"
519,Avvai Homeopathy & Psycholo..,5.0,Excellent,Orthodontist ,"  No 32/9, North pradhakshnam road, Karur - 639001, Opposite Thinnappa Theatre"
520,Abishek Ortho Centre,4.7,Excellent,Orthodontist ,"  5/300, Ashok Nagar Covai Road Andan Koil East, Karur - 639001, Behind Chakra Honda Showroom"
521,Smile Avenue Dental Care,5.0,Excellent,Orthodontist ,"  Shop No: 67 Chellam Complex, Karur West, Karur - 639001, South Narasimapuram Near Meenashi Skin Hospital Opposite Jai Children Hospital"
522,ASSJ Chidambaram Dental Hos..,2.8,Verygood,Orthodontist ,"  No 2, Chairman Ramanujam Street, Karur - 639001, Opposite Kamatchi Amman Temple"
523,Dental Orthodontic & Implan..,2.9,Verygood,Orthodontist ,"  14-G, Pradhakshnam Road,, North Pradhakshnam Road,, Karur - 639001, thinnappa theatre near"
524,Thangam Cancer Centre,4.0,Verygood,Orthodontist ,"  0, Karur - 639004, Near Namakkal"
525,Abishek Ortho Centre,4.0,Verygood,Orthodontist ,"  5/300,Ashok Nagar, Covai Road Andan Koil East, Thanthonimalai, Karur - 639005, Behind Chakra Honda Showroom"
526,Avvai Homeopathy & Psycholo..,5.0,Excellent,Orthodontist ,"  No 32/9, North pradhakshnam road, Karur - 639001, Opposite Thinnappa Theatre"
527,Abishek Ortho Centre,4.7,Verygood,Orthodontist ,"  5/300, Ashok Nagar Covai Road Andan Koil East, Karur - 639001, Behind Chakra Honda Showroom"
528,Smile Avenue Dental Care,5.0,Excellent,Orthodontist ,"  Shop No: 67 Chellam Complex, Karur West, Karur - 639001, South Narasimapuram Near Meenashi Skin Hospital Opposite Jai Children Hospital"
529,ASSJ Chidambaram Dental Hos..,2.8,Good,Orthodontist ,"  No 2, Chairman Ramanujam Street, Karur - 639001, Opposite Kamatchi Amman Temple"
530,Dental Orthodontic & Implan..,2.9,Good,Orthodontist ,"  14-G, Pradhakshnam Road,, North Pradhakshnam Road,, Karur - 639001, thinnappa theatre near"
531,Dr. Jp Vet Surgical Clinic,4.0,Verygood,Veterinary Doctors,"  No. 167, Vysial Street, Pondicherry - 605001, Near Congress Office,Opposite Jothi Eye Hospital"
532,VSS Pet Clinic,2.8,Good,Veterinary Doctors,"  No.10, Balaji Nagar , villianur main road, Marie Oulgaret, Pondicherry - 605009"
533,PONDY PET Stores & PET CARE,4.9,Excellent,Veterinary Doctors,"  No. 56, Maraimalai Adigal Salai, Pondicherry - 605001, Near passport office"
534,Tamizh Medicals - Pet Care,4.9,Excellent,Veterinary Doctors,"  21/2, Balar palli street,, Pipdic Main Road, Mettupalayam, Pondicherry - 605009, Near Veterinary Hospital,mettupalayam"
535,Sathya Sai Veterinary Clini..,4.8,Excellent,Veterinary Doctors,"  317, Ground Floor, Mahathma Gandhi Road, Muthialpet, Pondicherry - 605003, Opposite to Kovai Pazhamudhir Nilayam"
536,Vige.dr,4.8,Excellent,Veterinary Doctors,"  No 12, 23rd Cross, Lawspet Pondicherry, Pondicherry - 605008, Near Cluney School, Avvai Nagar"
537,Veterinary Practitioners,4.9,Excellent,Veterinary Doctors,"  9th cross, teachers colony, Moolakulam, Pondicherry - 605010, near christ college"
538,Veterinary,4.1,Excellent,Veterinary Doctors,"  Muthialpet, Pondicherry - 605003"
539,Dietician Madhavi Kortis Di..,0,Verypoor,Nutritionist,"  C 42, Staff Quarters, Aravind Eye Hospital, Pondicherry, Puducherry, Pondicherry - 605001"
540,Vestige,0,Verypoor,Nutritionist,"  24, Puducherry, V O C Street, Pondicherry - 605001, Near Old Bus Stand"
541,Amway Abo Nutrilite & Artis..,0,Verypoor,Nutritionist,"  Kothari Nagar, Karaikal - 609605 (Also serves PONDICHERRY)"
542,Chaithanya Ayurveda & Siddh..,4.9,Excellent,Ayurvedic Doctors,"  No 96, S V Patel Salai, Pondicherry - 605001, Zamindhar Garden"
543,Dharmarajan Vaidya Salai,3.6,Verygood,Ayurvedic Doctors,"  No 278-A, Maraimalai Adigal Salai, Kosapalayam, Pondicherry - 605013, Near New Bus Stop Near Nellithopu Signal"
544,Neomed Hospital(Dr Sivabala..,0.5,Verypoor,Ayurvedic Doctors,"  no 58b bharathi street thiruvalluvar nagar, Bharathi Street-venkata Nagar, Pondicherry - 605003"
545,Thirumoolar Siddha Vaithya ..,5.0,Excellent,Ayurvedic Doctors,"  No 3 F9, Thattanchavadi, Pondicherry - 605009, Vvp Nagar"
546,Sri Narayana Ayurvedic Clin..,5.0,Excellent,Ayurvedic Doctors,"  No 71, kosakadai Street, Puducherry H O, Pondicherry - 605001"
547,Dr. Joy Emanuel,5.0,Excellent,Ayurvedic Doctors,"  No 18 Chaithanya Ayurveda & Siddha Hospital, S V Patel Salai, Pondicherry - 605001, Zamindhar Garden"
548,Dr. Ramasamy (Dabur Ayurved..,5.0,Excellent,Ayurvedic Doctors,"  C/o Dabur Ayurvedic Centre,Door No 154/156 Shop No 5 & 6, Mission Street, Pondicherry - 605001"
549,Herbocare Hospital Pvt Ltd,4.3,Excellent,Ayurvedic Doctors,"  No 11, 1st Street, Pondicherry - 605001, Near Muruga Theatre Bus Stop & Old Collector Office, Gnanaprakasam Nagar"
550,Dr. Mn Muralidharan,4.4,Excellent,Ayurvedic Doctors,  Pondicherry - 605001
551,Sri Brammam Siddha Hospital..,5.0,Excellent,Ayurvedic Doctors,"  No 18, Vallinoor Salai, Nellithope, Pondicherry - 605005, Yelaipillaichavadi"
552,Aeon Ayush Clinic,4.5,Excellent,Ayurvedic Doctors,"  No.8, Ground Floor, Bajanaimadam Street, Ellaipillaichavady, Pondicherry - 605005, Near Indra Gandhi Signal"
553,Relax Kerala Ayurveda,4.3,Excellent,Ayurvedic Doctors,"  No 21, Aurobindo Street, Pondicherry - 605001, Besides Calve College"
554,Aayush Health Care Centre,4.4,Excellent,Ayurvedic Doctors,"  No 60, Perumalnaidu Street, Muthialpet, Pondicherry - 605003, Near Muthialpet Market Bus Stop"
555,Viroga Ayurvedic Clinic And..,4.9,Excellent,Ayurvedic Doctors,"  No 11 5th cross, Gnanaprakashan Nagar, Lawspet, Pondicherry - 605008, Opposite Filo Hotel"
556,Dr. Rajarathinam r,4.5,Excellent,Ayurvedic Doctors,"  Grr Complex, Maraimalai Adigal Salai, Pondicherry - 605001"
557,Dr. Dharmarajan N (dharmara..,4.3,Excellent,Ayurvedic Doctors,"  No 278-A, Maraimalai Adigal Salai, Kosapalayam, Pondicherry - 605013"
558,Kottakkal Arya Vaidya Salai,4.0,Verygood,Ayurvedic Doctors,"  No 374-376, M G Road, Pondicherry - 605001, Near Petit Canal Street Cutting"
559,Santhigiri Ayurveda & Siddh..,4.1,Excellent,Ayurvedic Doctors,"  No 6 B Block Devi Appartments, S V Patel Salai, Pondicherry - 605001, near achiyar school"
560,Dr. Padmavathamma s,5.0,Excellent,Ayurvedic Doctors,"  No 41 Jyothi Ayurveda Vaidyasala And Panchakarma Centre, Lenin Street, Kosapalayam, Pondicherry - 605013, Near Krishna Nursing Home"
561,Shree Varma Hospitals,3.7,Verygood,Ayurvedic Doctors,"  No 12, Goubert Avenue, Pondicherry - 605001, Beach Road"
562,Relax Kerala Ayurveda,4.3,Excellent,Hair Fall Treatment Doctors,"  No 21, Aurobindo Street, Pondicherry - 605001, Besides Calve College"
563,Aeon Ayush Clinic,4.5,Excellent,Hair Fall Treatment Doctors,"  No.8, Ground Floor, Bajanaimadam Street, Ellaipillaichavady, Pondicherry - 605005, Near Indra Gandhi Signal"
564,drmongaclinic.com,3.8,Verygood,Hair Fall Treatment Doctors,"  20, Basement, Lajpat Nagar 4, Delhi - 110024, Near Moolchand Metro Station (Also serves PONDICHERRY)"
565,Dr. Avin (psychiatrist),3.1,Verygood,Alcoholic Deaddiction,"  NO. 251, LENIN STREET,, Kosapalayam, Pondicherry - 605013, OPP. BEST NEEDS, NEAR GUARANTEE LAB"
566,PELICAN Pondicherry Endosco..,0,Verypoor,Alcoholic Deaddiction,"  42/3, 100 feet road, Mudaliarpet, Pondicherry - 605004, between RTO office and Sunway GRT Grand hotel"
567,PONDY PET Stores & PET CARE,4.9,Excellent,Veterinary Doctors,"  No. 56, Maraimalai Adigal Salai, Pondicherry - 605001, Near passport office"
568,Sathya Sai Veterinary Clini..,4.8,Excellent,Veterinary Doctors,"  317, Ground Floor, Mahathma Gandhi Road, Muthialpet, Pondicherry - 605003, Opposite to Kovai Pazhamudhir Nilayam"
569,Vige.dr,4.8,Excellent,Veterinary Doctors,"  No 12, 23rd Cross, Lawspet Pondicherry, Pondicherry - 605008, Near Cluney School, Avvai Nagar"